fighter_a,fighter_b,fighter_a_line,fighter_b_line,event,date
Glover Teixeira,Jamahal Hill,116,-140,UFC 283: Teixeira vs. Hill,2023-01-21
Gilbert Burns,Neil Magny,-530,380,UFC 283: Teixeira vs. Hill,2023-01-21
Jessica Andrade,Lauren Murphy,-500,390,UFC 283: Teixeira vs. Hill,2023-01-21
Johnny Walker,Paul Craig,-190,155,UFC 283: Teixeira vs. Hill,2023-01-21
Ihor Potieria,Mauricio Rua,-205,168,UFC 283: Teixeira vs. Hill,2023-01-21
Brunno Ferreira,Gregory Rodrigues,250,-315,UFC 283: Teixeira vs. Hill,2023-01-21
Melquizael Costa,Thiago Moises,300,-400,UFC 283: Teixeira vs. Hill,2023-01-21
Gabriel Bonfim,Mounir Lazzez,-176,150,UFC 283: Teixeira vs. Hill,2023-01-21
Jailton Almeida,Shamil Abdurakhimov,-1115,700,UFC 283: Teixeira vs. Hill,2023-01-21
Cody Stamann,Luan Luiz Lacerda,-360,275,UFC 283: Teixeira vs. Hill,2023-01-21
Ismael Bonfim,Terrance McKinney,100,-124,UFC 283: Teixeira vs. Hill,2023-01-21
Nicolas Dalby,Warlley Alves,110,-132,UFC 283: Teixeira vs. Hill,2023-01-21
Josiane Nunes,Zarah Fairn,-555,410,UFC 283: Teixeira vs. Hill,2023-01-21
Brad Tavares,Gregory Rodrigues,190,-250,UFC 283: Teixeira vs. Hill,2023-01-21
Daniel Marcos,Saimon Oliveira,120,-142,UFC 283: Teixeira vs. Hill,2023-01-21
Derrick Lewis,Serghei Spivac,235,-298,UFC Fight Night: Lewis vs. Spivac,2023-02-04
Da Un Jung,Devin Clark,-265,205,UFC Fight Night: Lewis vs. Spivac,2023-02-04
Blagoy Ivanov,Marcin Tybura,115,-143,UFC Fight Night: Lewis vs. Spivac,2023-02-04
Choi Doo-Ho,Kyle Nelson,-189,150,UFC Fight Night: Lewis vs. Spivac,2023-02-04
Adam Fugitt,Yusaku Kinoshita,260,-340,UFC Fight Night: Lewis vs. Spivac,2023-02-04
Anshul Jubli,Jeka Saragih,120,-146,UFC Fight Night: Lewis vs. Spivac,2023-02-04
Lee Jeong-Yeong,Yi Zha,-250,200,UFC Fight Night: Lewis vs. Spivac,2023-02-04
Rinya Nakamura,Toshiomi Kazama,-500,350,UFC Fight Night: Lewis vs. Spivac,2023-02-04
Hyun Sung Park,Seung Guk Choi,-205,164,UFC Fight Night: Lewis vs. Spivac,2023-02-04
Ji Yeon Kim,Mandy Bohm,-280,220,UFC Fight Night: Lewis vs. Spivac,2023-02-04
Denis Tiuliulin,Jun Yong Park,180,-225,UFC Fight Night: Lewis vs. Spivac,2023-02-04
Jesus Santos Aguilar,Tatsuro Taira,800,-1404,UFC Fight Night: Lewis vs. Spivac,2023-02-04
Blake Bilder,Shane Young,125,-150,UFC 284: Makhachev vs. Volkanovski,2023-02-11
Elves Brenner,Zubaira Tukhugov,460,-625,UFC 284: Makhachev vs. Volkanovski,2023-02-11
Paulo Costa,Robert Whittaker,225,-275,UFC 284: Makhachev vs. Volkanovski,2023-02-11
Gilbert Burns,Sean Brady,160,-190,UFC Fight Night: Andrade vs. Blanchfield,2023-02-18
Jessica Andrade,Natalia Silva,230,-295,UFC Fight Night: Andrade vs. Blanchfield,2023-02-18
Kyle Nelson,Steve Garcia,170,-210,UFC Fight Night: Andrade vs. Blanchfield,2023-02-18
Ciryl Gane,Jon Jones,145,-170,UFC 285: Jones vs. Gane,2023-03-04
Geoff Neal,Shavkat Rakhmonov,388,-500,UFC 285: Jones vs. Gane,2023-03-04
Jalin Turner,Mateusz Gamrot,169,-212,UFC 285: Jones vs. Gane,2023-03-04
Bo Nickal,Jamie Pickett,-2000,1000,UFC 285: Jones vs. Gane,2023-03-04
Cody Garbrandt,Trevin Jones,-175,145,UFC 285: Jones vs. Gane,2023-03-04
Alexa Grasso,Valentina Shevchenko,562,-900,UFC 285: Jones vs. Gane,2023-03-04
Derek Brunson,Dricus Du Plessis,188,-232,UFC 285: Jones vs. Gane,2023-03-04
Amanda Ribas,Viviane Araujo,-118,59,UFC 285: Jones vs. Gane,2023-03-04
Julian Marquez,Marc-Andre Barriault,130,-162,UFC 285: Jones vs. Gane,2023-03-04
Ian Garry,Kenan Song,-800,538,UFC 285: Jones vs. Gane,2023-03-04
Cameron Saaiman,Leomana Martinez,-265,210,UFC 285: Jones vs. Gane,2023-03-04
Jessica Penne,Tabatha Ricci,240,-300,UFC 285: Jones vs. Gane,2023-03-04
Darmon Blackshear,Farid Basharat,350,-450,UFC 285: Jones vs. Gane,2023-03-04
Esteban Ribovics,Kamuela Kirk,-195,165,UFC 285: Jones vs. Gane,2023-03-04
Esteban Ribovics,Loik Radzhabov,172,-210,UFC 285: Jones vs. Gane,2023-03-04
Merab Dvalishvili,Petr Yan,205,-252,UFC Fight Night: Yan vs. Dvalishvili,2023-03-11
Alexander Volkov,Alexandr Romanov,124,-155,UFC Fight Night: Yan vs. Dvalishvili,2023-03-11
Alexander Romanov,Alexander Volkov,-71,76,UFC Fight Night: Yan vs. Dvalishvili,2023-03-11
Nikita Krylov,Ryan Spann,-166,140,UFC Fight Night: Yan vs. Dvalishvili,2023-03-11
Jonathan Martinez,Said Nurmagomedov,196,-250,UFC Fight Night: Yan vs. Dvalishvili,2023-03-11
Guido Cannetti,Mario Bautista,650,-1000,UFC Fight Night: Yan vs. Dvalishvili,2023-03-11
Austin Lingo,Ricardo Ramos,8,8,UFC Fight Night: Yan vs. Dvalishvili,2023-03-11
Anton Turkalj,Vitor Petrino,-105,-116,UFC Fight Night: Yan vs. Dvalishvili,2023-03-11
Karl Williams,Rukasz Brzeski,-250,198,UFC Fight Night: Yan vs. Dvalishvili,2023-03-11
Josh Fremd,Sedriques Dumas,180,-222,UFC Fight Night: Yan vs. Dvalishvili,2023-03-11
Davey Grant,Raphael Assuncao,-138,112,UFC Fight Night: Yan vs. Dvalishvili,2023-03-11
Tony Gravely,Victor Henry,120,-150,UFC Fight Night: Yan vs. Dvalishvili,2023-03-11
Ariane Lipski,Jj Aldrich,300,-400,UFC Fight Night: Yan vs. Dvalishvili,2023-03-11
Bruno Gustavo da Silva,Tyson Nam,-188,154,UFC Fight Night: Yan vs. Dvalishvili,2023-03-11
Carlston Harris,Jared Gooden,-312,242,UFC Fight Night: Yan vs. Dvalishvili,2023-03-11
Kamaru Usman,Leon Edwards,-272,210,UFC 286: Edwards vs. Usman 3,2023-03-18
Daniel Rodriguez,Gunnar Nelson,270,-350,UFC 286: Edwards vs. Usman 3,2023-03-18
Justin Gaethje,Rafael Fiziev,190,-248,UFC 286: Edwards vs. Usman 3,2023-03-18
Bryan Barberena,Gunnar Nelson,300,-400,UFC 286: Edwards vs. Usman 3,2023-03-18
Casey O'Neill,Jennifer Maia,-176,142,UFC 286: Edwards vs. Usman 3,2023-03-18
Marvin Vettori,Roman Dolidze,-250,200,UFC 286: Edwards vs. Usman 3,2023-03-18
Jack Shore,Makwan Amirkhani,-530,395,UFC 286: Edwards vs. Usman 3,2023-03-18
Chris Duncan,Omar Morales,-111,-108,UFC 286: Edwards vs. Usman 3,2023-03-18
Sam Patterson,Yanal Ashmoz,-282,225,UFC 286: Edwards vs. Usman 3,2023-03-18
Jafel Filho,Muhammad Mokaev,582,-875,UFC 286: Edwards vs. Usman 3,2023-03-18
Gabriel Santos.,Lerone Murphy,146,-180,UFC 286: Edwards vs. Usman 3,2023-03-18
Jake Hadley,Malcolm Gordon,-420,310,UFC 286: Edwards vs. Usman 3,2023-03-18
Christian Leroy Duncan,Durko Todorovir,-228,180,UFC 286: Edwards vs. Usman 3,2023-03-18
Joanne Wood,Luana Carolina,-178,148,UFC 286: Edwards vs. Usman 3,2023-03-18
Jai Herbert,Rudovit Klein,166,-205,UFC 286: Edwards vs. Usman 3,2023-03-18
Juliana Miller,Veronica Macedo,-425,322,UFC 286: Edwards vs. Usman 3,2023-03-18
Arnold Allen,Max Holloway,128,-160,UFC Fight Night: Vera vs. Sandhagen,2023-03-25
Billy Quarantillo,Edson Barboza,-150,118,UFC Fight Night: Vera vs. Sandhagen,2023-03-25
Bill Algeo,T.J. Brown,-134,108,UFC Fight Night: Vera vs. Sandhagen,2023-03-25
Chris Gutierrez,Pedro Munhoz,-232,182,UFC Fight Night: Vera vs. Sandhagen,2023-03-25
Azamat Murzakanov,Dustin Jacoby,150,-189,UFC Fight Night: Vera vs. Sandhagen,2023-03-25
Cory Sandhagen,Marlon Vera,-150,125,UFC Fight Night: Vera vs. Sandhagen,2023-03-25
Holly Holm,Yana Santos,-248,195,UFC Fight Night: Vera vs. Sandhagen,2023-03-25
Austin Lingo,Nate Landwehr,172,-212,UFC Fight Night: Vera vs. Sandhagen,2023-03-25
Andrea Lee,Maycee Barber,222,-278,UFC Fight Night: Vera vs. Sandhagen,2023-03-25
Albert Duraev,Chidi Njokuani,132,-162,UFC Fight Night: Vera vs. Sandhagen,2023-03-25
Alex Perez,Manel Kape,162,-200,UFC Fight Night: Vera vs. Sandhagen,2023-03-25
Daniel Pineda,Tucker Lutz,222,-289,UFC Fight Night: Vera vs. Sandhagen,2023-03-25
Lucas Alexander,Steven Peterson,130,-157,UFC Fight Night: Vera vs. Sandhagen,2023-03-25
Preston Parsons,Trevin Giles,-114,-23,UFC Fight Night: Vera vs. Sandhagen,2023-03-25
C.J. Vergara,Daniel da Silva,-250,200,UFC Fight Night: Vera vs. Sandhagen,2023-03-25
Victor Altamirano,Vinicius Salvador,-104,-116,UFC Fight Night: Vera vs. Sandhagen,2023-03-25
Manuel Torres,Trey Ogden,-71,74,UFC Fight Night: Vera vs. Sandhagen,2023-03-25
Gilbert Burns,Jorge Masvidal,-450,345,UFC 287: Pereira vs. Adesanya 2,2023-04-08
Adrian Yanez,Rob Font,-175,139,UFC 287: Pereira vs. Adesanya 2,2023-04-08
Kevin Holland,Santiago Ponzinibbio,-250,200,UFC 287: Pereira vs. Adesanya 2,2023-04-08
Christian Rodriquez,Raul Rosas Jr,205,-260,UFC 287: Pereira vs. Adesanya 2,2023-04-08
Chris Curtis,Kelvin Gastelum,110,-136,UFC 287: Pereira vs. Adesanya 2,2023-04-08
Luana Pinheiro,Michelle Waterson,-158,130,UFC 287: Pereira vs. Adesanya 2,2023-04-08
Gerald Meerschaert,Joe Pyfer,164,-200,UFC 287: Pereira vs. Adesanya 2,2023-04-08
Chase Sherman,Karl Williams,329,-435,UFC 287: Pereira vs. Adesanya 2,2023-04-08
Cynthia Calvillo,Lupita Godinez,210,-275,UFC 287: Pereira vs. Adesanya 2,2023-04-08
Ignacio Bahamondes,Trey Ogden,-395,305,UFC 287: Pereira vs. Adesanya 2,2023-04-08
Shayilan Nuerdanbieke,Steve Garcia,-180,150,UFC 287: Pereira vs. Adesanya 2,2023-04-08
Jacqueline Amorim,Sam Hughes,-272,215,UFC 287: Pereira vs. Adesanya 2,2023-04-08
Chase Sherman,Chris Barnett,-225,185,UFC 287: Pereira vs. Adesanya 2,2023-04-08
Arnold Allen,Max Holloway,140,-172,UFC Fight Night: Holloway vs. Allen,2023-04-15
Billy Quarantillo,Edson Barboza,-168,140,UFC Fight Night: Holloway vs. Allen,2023-04-15
Azamat Murzakanov,Dustin Jacoby,135,-164,UFC Fight Night: Holloway vs. Allen,2023-04-15
Ion Curelaba,Tanner Boser,-130,106,UFC Fight Night: Holloway vs. Allen,2023-04-15
Chris Gutierrez,Pedro Munhoz,-210,170,UFC Fight Night: Holloway vs. Allen,2023-04-15
Clay Guida,Rafa Garcia,215,-275,UFC Fight Night: Holloway vs. Allen,2023-04-15
Bill Algeo,Tj Brown,-200,164,UFC Fight Night: Holloway vs. Allen,2023-04-15
Brandon Royval,Matheus Nicolau,164,-202,UFC Fight Night: Holloway vs. Allen,2023-04-15
Ed Herman,Zak Cummings,172,-220,UFC Fight Night: Holloway vs. Allen,2023-04-15
Gillian Robertson,Piera Rodriguez,-128,106,UFC Fight Night: Holloway vs. Allen,2023-04-15
Daniel Zellhuber,Lando Vannata,-130,107,UFC Fight Night: Holloway vs. Allen,2023-04-15
Bruna Brasil,Denise Gomes,-148,122,UFC Fight Night: Holloway vs. Allen,2023-04-15
Aaron Phillips,Gaston Bolanos,150,-186,UFC Fight Night: Holloway vs. Allen,2023-04-15
Joselyne Edwards,Lucie Pudilova,114,-138,UFC Fight Night: Holloway vs. Allen,2023-04-15
Jeremiah Wells,Matthew Semelsberger,80,-118,UFC Fight Night: Pavlovich vs. Blaydes,2023-04-22
Curtis Blaydes,Sergei Pavlovich,-133,110,UFC Fight Night: Pavlovich vs. Blaydes,2023-04-22
Brad Tavares,Bruno Silva,-166,137,UFC Fight Night: Pavlovich vs. Blaydes,2023-04-22
Bobby Green,Jared Gordon,-275,215,UFC Fight Night: Pavlovich vs. Blaydes,2023-04-22
Brogan Walker,Iasmin Lucindo,300,-388,UFC Fight Night: Pavlovich vs. Blaydes,2023-04-22
Christos Giagos,Ricky Glenn,139,-164,UFC Fight Night: Pavlovich vs. Blaydes,2023-04-22
Montel Jackson,Rani Yahya,-590,425,UFC Fight Night: Pavlovich vs. Blaydes,2023-04-22
Carlos Candelario,Rafael Estevam,220,-275,UFC Fight Night: Pavlovich vs. Blaydes,2023-04-22
Brogan Walker-Sanchez,Iasmin Lucindo,225,-275,UFC Fight Night: Pavlovich vs. Blaydes,2023-04-22
Karol Rosa,Norma Dumont,-104,-120,UFC Fight Night: Pavlovich vs. Blaydes,2023-04-22
Junior Tafa,Mohammed Usman,-116,-23,UFC Fight Night: Pavlovich vs. Blaydes,2023-04-22
Francis Marshall,William Gomis,-196,163,UFC Fight Night: Pavlovich vs. Blaydes,2023-04-22
Brady Hiestand,Danaa Batgerel,119,-149,UFC Fight Night: Pavlovich vs. Blaydes,2023-04-22
Karine Silva,Priscila Cachoeira,-192,158,UFC Fight Night: Pavlovich vs. Blaydes,2023-04-22
Ricky Simon,Song Yadong,-139,113,UFC Fight Night: Song vs. Simon,2023-04-29
Caio Borralho,Michar Oleksiejczuk,-363,282,UFC Fight Night: Song vs. Simon,2023-04-29
Cody Brundage,Rodolfo Vieira,192,-240,UFC Fight Night: Song vs. Simon,2023-04-29
Fernando Padilla,Julian Erosa,122,-150,UFC Fight Night: Song vs. Simon,2023-04-29
Marcos Rogerio,Waldo Cortes-Acosta,-175,150,UFC Fight Night: Song vs. Simon,2023-04-29
Josh Quinlan,Trey Waters,-240,188,UFC Fight Night: Song vs. Simon,2023-04-29
Jake Collier,Martin Buday,112,-139,UFC Fight Night: Song vs. Simon,2023-04-29
Charles Johnson,Cody Durden,-144,118,UFC Fight Night: Song vs. Simon,2023-04-29
Ange Loosa,Josh Quinlan,-150,125,UFC Fight Night: Song vs. Simon,2023-04-29
Brian Kelleher,Journey Newson,-135,110,UFC Fight Night: Song vs. Simon,2023-04-29
Emily Ducote,Polyana Viana,-115,-105,UFC Fight Night: Song vs. Simon,2023-04-29
Irina Alekseeva,Stephanie Egger,255,-342,UFC Fight Night: Song vs. Simon,2023-04-29
Journey Newson,Marcus McGhee,-166,133,UFC Fight Night: Song vs. Simon,2023-04-29
Hailey Cowan,Jamey-Lyn Horth,135,-164,UFC Fight Night: Song vs. Simon,2023-04-29
Aljamain Sterling,Henry Cejudo,-102,-122,UFC 288: Sterling vs. Cejudo,2023-05-06
Belal Muhammad,Gilbert Burns,125,-152,UFC 288: Sterling vs. Cejudo,2023-05-06
Jessica Andrade,Xiaonan Yan,-181,149,UFC 288: Sterling vs. Cejudo,2023-05-06
Diego Lopes,Movsar Evloev,600,-1000,UFC 288: Sterling vs. Cejudo,2023-05-06
Charles Jourdain,Kron Gracie,-169,140,UFC 288: Sterling vs. Cejudo,2023-05-06
Drew Dober,Matt Frevola,-225,180,UFC 288: Sterling vs. Cejudo,2023-05-06
Devin Clark,Kennedy Nzechukwu,150,-186,UFC 288: Sterling vs. Cejudo,2023-05-06
Khaos Williams,Ronaldo Bedoya,-400,300,UFC 288: Sterling vs. Cejudo,2023-05-06
Marina Rodriguez,Virna Jandiroba,-114,-23,UFC 288: Sterling vs. Cejudo,2023-05-06
Braxton Smith,Parker Porter,142,-175,UFC 288: Sterling vs. Cejudo,2023-05-06
Ikram Aliskerov,Phillip Hawes,-190,160,UFC 288: Sterling vs. Cejudo,2023-05-06
Claudio Ribiero,Joseph Holmes,-162,135,UFC 288: Sterling vs. Cejudo,2023-05-06
Bryce Mitchell,Movsar Evloev,210,-275,UFC 288: Sterling vs. Cejudo,2023-05-06
Daniel Santos,Johnny Munoz Jr.,-185,150,UFC 288: Sterling vs. Cejudo,2023-05-06
Jailton Almeida,Jairzinho Rozenstruik,-505,380,UFC Fight Night: Rozenstruik vs. Almeida,2023-05-13
Anthony Smith,Johnny Walker,80,-118,UFC Fight Night: Rozenstruik vs. Almeida,2023-05-13
Daniel Rodriguez,Ian Machado Garry,240,-300,UFC Fight Night: Rozenstruik vs. Almeida,2023-05-13
Carlos Ulberg,Ihor Potieria,-450,329,UFC Fight Night: Rozenstruik vs. Almeida,2023-05-13
Alex Morono,Tim Means,-225,180,UFC Fight Night: Rozenstruik vs. Almeida,2023-05-13
Court McGee,Matt Brown,-222,178,UFC Fight Night: Rozenstruik vs. Almeida,2023-05-13
Chase Sherman,Karl Williams,328,-420,UFC Fight Night: Rozenstruik vs. Almeida,2023-05-13
Cody Stamann,Douglas Silva de Andrade,-162,130,UFC Fight Night: Rozenstruik vs. Almeida,2023-05-13
Ji Yeon Kim,Mandy Bohm,-245,199,UFC Fight Night: Rozenstruik vs. Almeida,2023-05-13
Natan Levy,Pete Rodriguez,-103,124,UFC Fight Night: Rozenstruik vs. Almeida,2023-05-13
Bryan Battle,Gabe Green,110,-136,UFC Fight Night: Rozenstruik vs. Almeida,2023-05-13
Jessica-Rose Clark,Tainara Lisboa,100,-120,UFC Fight Night: Rozenstruik vs. Almeida,2023-05-13
Amir Albazi,Kai Kara-France,-120,-102,UFC Fight Night: Kara-France vs. Albazi,2023-06-03
Alex Caceres,Daniel Pineda,-187,151,UFC Fight Night: Kara-France vs. Albazi,2023-06-03
Jesse Butler,Jim Miller,200,-250,UFC Fight Night: Kara-France vs. Albazi,2023-06-03
Timothy Elliott,Victor Altamirano,-186,148,UFC Fight Night: Kara-France vs. Albazi,2023-06-03
Karine Silva,Ketlen Souza,-220,175,UFC Fight Night: Kara-France vs. Albazi,2023-06-03
Abubakar Nurmagomedov,Elizeu Zaleski,-124,100,UFC Fight Night: Kara-France vs. Albazi,2023-06-03
Daniel Santos,Johnny Munoz,-225,180,UFC Fight Night: Kara-France vs. Albazi,2023-06-03
Andrei Arlovski,Don'tale Mayes,116,-139,UFC Fight Night: Kara-France vs. Albazi,2023-06-03
Guram Kutateladze,Jamie Mullarkey,-350,260,UFC Fight Night: Kara-France vs. Albazi,2023-06-03
Jim Miller,Ludovit Klein,200,-250,UFC Fight Night: Kara-France vs. Albazi,2023-06-03
John Castaneda,Mateus Mendonca,-165,135,UFC Fight Night: Kara-France vs. Albazi,2023-06-03
John Castaneda,Muin Gafurov,-125,100,UFC Fight Night: Kara-France vs. Albazi,2023-06-03
Jamie Mullarkey,Muhammadjon Naimov,-470,355,UFC Fight Night: Kara-France vs. Albazi,2023-06-03
Elise Reed,Jinh Yu Frey,-134,110,UFC Fight Night: Kara-France vs. Albazi,2023-06-03
Darmon Blackshear,Luan Lacerda,125,-156,UFC Fight Night: Kara-France vs. Albazi,2023-06-03
Maxim Grishin,Philipe Lins,-125,104,UFC Fight Night: Kara-France vs. Albazi,2023-06-03
Michel Pereira,Stephen Thompson,176,-230,UFC 289: Nunes vs. Aldana,2023-06-10
Dricus Du Plessis,Robert Whittaker,275,-385,UFC 289: Nunes vs. Aldana,2023-06-10
Amanda Nunes,Irene Aldana,-334,265,UFC 289: Nunes vs. Aldana,2023-06-10
Adam Fugitt,Mike Malott,178,-220,UFC 289: Nunes vs. Aldana,2023-06-10
Dan Ige,Nate Landwehr,-275,220,UFC 289: Nunes vs. Aldana,2023-06-10
Eryk Anders,Marc-Andre Barriault,132,-160,UFC 289: Nunes vs. Aldana,2023-06-10
Chris Curtis,Nassourdine Imavov,147,-180,UFC 289: Nunes vs. Aldana,2023-06-10
Jasmine Jasudavicius,Miranda Maverick,200,-250,UFC 289: Nunes vs. Aldana,2023-06-10
Aiemann Zahabi,Aori Qileng,100,-122,UFC 289: Nunes vs. Aldana,2023-06-10
Blake Bilder,Kyle Nelson,-275,218,UFC 289: Nunes vs. Aldana,2023-06-10
David Dvorak,Stephen Erceg.,-300,240,UFC 289: Nunes vs. Aldana,2023-06-10
Diana Belbirr,Maria Oliveira,-140,114,UFC 289: Nunes vs. Aldana,2023-06-10
Jared Cannonier,Marvin Vettori,105,-125,UFC Fight Night: Vettori vs. Cannonier,2023-06-17
Arman Tsarukyan,Joaquim Silva,-1158,688,UFC Fight Night: Vettori vs. Cannonier,2023-06-17
Armen Petrosyan,Christian Leroy Duncan,128,-157,UFC Fight Night: Vettori vs. Cannonier,2023-06-17
Lucas Almeida,Pat Sabatini,155,-189,UFC Fight Night: Vettori vs. Cannonier,2023-06-17
Manuel Torres,Nikolas Motta,-189,155,UFC Fight Night: Vettori vs. Cannonier,2023-06-17
Alessandro Costa,Jimmy Flick,-295,238,UFC Fight Night: Vettori vs. Cannonier,2023-06-17
Cristian Quinonez,Kang Kyung-Ho,-148,121,UFC Fight Night: Vettori vs. Cannonier,2023-06-17
Carlos Hernandez,Denys Bondar,116,-142,UFC Fight Night: Vettori vs. Cannonier,2023-06-17
Gabriella Fernandes,Tereza Bleda,194,-240,UFC Fight Night: Vettori vs. Cannonier,2023-06-17
Dan Argueta,Ronnie Lawrence,162,-198,UFC Fight Night: Vettori vs. Cannonier,2023-06-17
Modestas Bukauskas,Zac Pauga,-200,163,UFC Fight Night: Vettori vs. Cannonier,2023-06-17
Punahele Soriano,Sedriques Dumas,-225,180,UFC Fight Night: Emmett vs. Topuria,2023-06-24
Trevor Peek,Victor Martinez,-275,220,UFC Fight Night: Emmett vs. Topuria,2023-06-24
Amanda Ribas,Maycee Barber,-200,160,UFC Fight Night: Emmett vs. Topuria,2023-06-24
Austen Lane,Justin Tafa,150,-189,UFC Fight Night: Emmett vs. Topuria,2023-06-24
David Onama,Gabriel Santos,182,-225,UFC Fight Night: Emmett vs. Topuria,2023-06-24
Brendan Allen,Bruno Silva,-215,170,UFC Fight Night: Emmett vs. Topuria,2023-06-24
Neil Magny,Philip Rowe,-175,140,UFC Fight Night: Emmett vs. Topuria,2023-06-24
Randy Brown,Wellington Turman,-250,198,UFC Fight Night: Emmett vs. Topuria,2023-06-24
Loik Radzhabov,Mateusz Rrbecki,108,-132,UFC Fight Night: Emmett vs. Topuria,2023-06-24
Gillian Robertson,Tabatha Ricci,106,-128,UFC Fight Night: Emmett vs. Topuria,2023-06-24
Joshua van,Zhalgas Zhumagulov,166,-205,UFC Fight Night: Emmett vs. Topuria,2023-06-24
Jose Mariscal,Trevor Peek,112,-137,UFC Fight Night: Emmett vs. Topuria,2023-06-24
Jack Jenkins,Jamall Emmers,158,-200,UFC Fight Night: Emmett vs. Topuria,2023-06-24
Cody Brundage,Sedriques Dumas,-149,125,UFC Fight Night: Emmett vs. Topuria,2023-06-24
Ilia Topuria,Josh Emmett,-372,285,UFC Fight Night: Emmett vs. Topuria,2023-06-24
Muslim Salikhov,Nicolas Dalby,-184,149,UFC Fight Night: Emmett vs. Topuria,2023-06-24
Elves Brener,Esteban Ribovics,-160,130,UFC Fight Night: Strickland vs. Magomedov,2023-07-01
Derrick Lewis,Jailton Almeida,350,-500,UFC Fight Night: Strickland vs. Magomedov,2023-07-01
Gabriel Bonfim,Nicolas Dalby,-620,450,UFC Fight Night: Strickland vs. Magomedov,2023-07-01
Don'tale Mayes,Rodrigo Nascimento,168,-200,UFC Fight Night: Strickland vs. Magomedov,2023-07-01
Abus Magomedov,Caio Borralho,240,-300,UFC Fight Night: Strickland vs. Magomedov,2023-07-01
Armen Petrosyan,Rodolfo Vieira,-110,-110,UFC Fight Night: Strickland vs. Magomedov,2023-07-01
Elves Brener,Kaynan Kruschewsky,-240,195,UFC Fight Night: Strickland vs. Magomedov,2023-07-01
Elizeu Zaleski Dos Santos,Rinat Fakhretdinov,275,-370,UFC Fight Night: Strickland vs. Magomedov,2023-07-01
Marcin Prachnio,Vitor Petrino,210,-268,UFC 290: Volkanovski vs. Rodriguez,2023-07-08
Cameron Saaiman,Terrence Mitchell.,-581,425,UFC 290: Volkanovski vs. Rodriguez,2023-07-08
Jesus Santos Aguilar,Shannon Ross,-150,120,UFC 290: Volkanovski vs. Rodriguez,2023-07-08
Esteban Ribovics,Kamuela Kirk,-172,138,UFC 290: Volkanovski vs. Rodriguez,2023-07-08
Holly Holm,Mayra Bueno Silva,-175,142,UFC Fight Night: Holm vs. Bueno Silva,2023-07-15
Bassil Hafez,Jack Della Maddalena,422,-590,UFC Fight Night: Holm vs. Bueno Silva,2023-07-15
Francisco Prado,Ottman Azaitar,-116,-105,UFC Fight Night: Holm vs. Bueno Silva,2023-07-15
Albert Duraev,Jun Yong Park,128,-155,UFC Fight Night: Holm vs. Bueno Silva,2023-07-15
Chelsea Chandler,Norma Dumont,120,-145,UFC Fight Night: Holm vs. Bueno Silva,2023-07-15
Nazim Sadykhov,Terrance McKinney,-152,124,UFC Fight Night: Holm vs. Bueno Silva,2023-07-15
Melsik Baghdasaryan,Tucker Lutz,-157,126,UFC Fight Night: Holm vs. Bueno Silva,2023-07-15
Istela Nunes,Viktoriia Dudakova,159,-198,UFC Fight Night: Holm vs. Bueno Silva,2023-07-15
Austin Lingo,Melquizael Costa,188,-230,UFC Fight Night: Holm vs. Bueno Silva,2023-07-15
Evan Elder,Genaro Valdez,-315,242,UFC Fight Night: Holm vs. Bueno Silva,2023-07-15
Azat Maksum,Tyson Nam,-402,305,UFC Fight Night: Holm vs. Bueno Silva,2023-07-15
Alexander Munoz,Carl Deaton,-228,180,UFC Fight Night: Holm vs. Bueno Silva,2023-07-15
Ailin Perez,Ashlee Evans-Smith,-252,202,UFC Fight Night: Holm vs. Bueno Silva,2023-07-15
Jon Jones,Tom Aspinall,114,-142,UFC Fight Night: Aspinall vs. Tybura,2023-07-22
Matthew Semelsberger,Uror Medir,-210,175,UFC 291: Poirier vs. Gaethje 2,2023-07-29
Miranda Maverick,Priscila Cachoeira,-286,230,UFC 291: Poirier vs. Gaethje 2,2023-07-29
Diego Lopes,Jean Silva,195,-250,UFC Fight Night: Sandhagen vs. Font,2023-08-05
David Martinez,Rob Font,100,-124,UFC Fight Night: Sandhagen vs. Font,2023-08-05
Rafael Dos Anjos,Vicente Luque,-125,102,UFC Fight Night: Luque vs. Dos Anjos,2023-08-12
Cub Swanson,Hakeem Dawodu,240,-295,UFC Fight Night: Luque vs. Dos Anjos,2023-08-12
Chris Daukaus,Khalil Rountree Jr.,145,-178,UFC Fight Night: Luque vs. Dos Anjos,2023-08-12
Iasmin Lucindo,Polyana Viana,-200,160,UFC Fight Night: Luque vs. Dos Anjos,2023-08-12
A.J. Dobson,Tafon Nchukwi,115,-142,UFC Fight Night: Luque vs. Dos Anjos,2023-08-12
Jamie Pickett,Josh Fremd,260,-334,UFC Fight Night: Luque vs. Dos Anjos,2023-08-12
J.P. Buys,Marcus McGhee,275,-350,UFC Fight Night: Luque vs. Dos Anjos,2023-08-12
Mike Breeden,Terrance McKinney,220,-278,UFC Fight Night: Luque vs. Dos Anjos,2023-08-12
Lando Vannata,Mike Breeden,-250,200,UFC Fight Night: Luque vs. Dos Anjos,2023-08-12
Francis Marshall,Isaac Dulgarian,-158,130,UFC Fight Night: Luque vs. Dos Anjos,2023-08-12
Josh Parisian,Martin Buday,170,-210,UFC Fight Night: Luque vs. Dos Anjos,2023-08-12
Jaqueline Amorim,Montserrat Ruiz,-250,200,UFC Fight Night: Luque vs. Dos Anjos,2023-08-12
Da'mon Blackshear,Jose Johnson,-275,220,UFC Fight Night: Luque vs. Dos Anjos,2023-08-12
Juliana Miller,Luana Santos,125,-152,UFC Fight Night: Luque vs. Dos Anjos,2023-08-12
Aljamain Sterling,Sean Omalley,-250,200,UFC 292: Sterling vs. O'Malley,2023-08-19
Amanda Lemos,Zhang Weili,260,-334,UFC 292: Sterling vs. O'Malley,2023-08-19
Ian Garry,Neil Magny,-500,375,UFC 292: Sterling vs. O'Malley,2023-08-19
Da'mon Blackshear,Mario Bautista,175,-210,UFC 292: Sterling vs. O'Malley,2023-08-19
Marlon Vera,Pedro Munhoz,-185,154,UFC 292: Sterling vs. O'Malley,2023-08-19
Brad Tavares,Chris Weidman,-230,190,UFC 292: Sterling vs. O'Malley,2023-08-19
Denis Tiuliulin,Gregory Rodrigues,295,-375,UFC 292: Sterling vs. O'Malley,2023-08-19
Austin Hubbard,Kurt Holobaugh,-170,142,UFC 292: Sterling vs. O'Malley,2023-08-19
Brad Katona,Cody Gibson,-182,150,UFC 292: Sterling vs. O'Malley,2023-08-19
Chan Sung Jung,Max Holloway,522,-750,UFC Fight Night: Holloway vs. The Korean Zombie,2023-08-26
Anthony Smith,Ryan Spann,108,-130,UFC Fight Night: Holloway vs. The Korean Zombie,2023-08-26
Alex Caceres,Giga Chikadze,200,-250,UFC Fight Night: Holloway vs. The Korean Zombie,2023-08-26
Fernie Garcia,Rinya Nakamura,612,-926,UFC Fight Night: Holloway vs. The Korean Zombie,2023-08-26
Erin Blanchfield,Taila Santos,-162,132,UFC Fight Night: Holloway vs. The Korean Zombie,2023-08-26
Justin Tafa,Parker Porter,-157,128,UFC Fight Night: Holloway vs. The Korean Zombie,2023-08-26
Rukasz Brzeski,Waldo Cortes-Acosta,178,-220,UFC Fight Night: Holloway vs. The Korean Zombie,2023-08-26
Garrett Armfield,Toshiomi Kazama,-163,136,UFC Fight Night: Holloway vs. The Korean Zombie,2023-08-26
Chidi Njokuani,Michar Oleksiejczuk,104,-129,UFC Fight Night: Holloway vs. The Korean Zombie,2023-08-26
Rolando Bedoya,Song Kenan,-342,265,UFC Fight Night: Holloway vs. The Korean Zombie,2023-08-26
Billy Goff,Yusaku Kinoshita,120,-142,UFC Fight Night: Holloway vs. The Korean Zombie,2023-08-26
Jj Aldrich,Liang Na,-555,410,UFC Fight Night: Holloway vs. The Korean Zombie,2023-08-26
Jarno Errens,Seungwoo Choi,129,-158,UFC Fight Night: Holloway vs. The Korean Zombie,2023-08-26
Ciryl Gane,Sergey Spivak,-192,162,UFC Fight Night: Gane vs. Spivac,2023-09-02
Manon Fiorot,Rose Namajunas,-196,160,UFC Fight Night: Gane vs. Spivac,2023-09-02
Benoit Saint-Denis,Thiago Moises,-198,164,UFC Fight Night: Gane vs. Spivac,2023-09-02
Bogdan Guskov,Volkan Oezdemir,148,-180,UFC Fight Night: Gane vs. Spivac,2023-09-02
William Gomis,Yanis Ghemmouri,-210,175,UFC Fight Night: Gane vs. Spivac,2023-09-02
Manolo Zecchini,Morgan Charriere,275,-360,UFC Fight Night: Gane vs. Spivac,2023-09-02
Lucas Almeida,William Gomis,130,-160,UFC Fight Night: Gane vs. Spivac,2023-09-02
Muin Gafurov,Taylor Lapilus,160,-200,UFC Fight Night: Gane vs. Spivac,2023-09-02
Caolan Loughran,Taylor Lapilus,140,-175,UFC Fight Night: Gane vs. Spivac,2023-09-02
Ange Loosa,Rhys McKee,-155,125,UFC Fight Night: Gane vs. Spivac,2023-09-02
Joselyne Edwards,Nora Cornolle,-135,110,UFC Fight Night: Gane vs. Spivac,2023-09-02
Farid Basharat,Kleydson Rodrigues,-380,300,UFC Fight Night: Gane vs. Spivac,2023-09-02
Jacqueline Cavalcanti,Zarah Fairn,-390,295,UFC Fight Night: Gane vs. Spivac,2023-09-02
Israel Adesanya,Sean Strickland,-650,455,UFC 293: Adesanya vs. Strickland,2023-09-09
Alexander Volkov,Tai Tuivasa,-230,180,UFC 293: Adesanya vs. Strickland,2023-09-09
Felipe Dos Santos,Manel Kape,325,-420,UFC 293: Adesanya vs. Strickland,2023-09-09
Austen Lane,Justin Tafa,164,-200,UFC 293: Adesanya vs. Strickland,2023-09-09
Anton Turkalj,Tyson Pedro,-124,104,UFC 293: Adesanya vs. Strickland,2023-09-09
Carlos Ulberg,Da Woon Jung,-318,240,UFC 293: Adesanya vs. Strickland,2023-09-09
Carlos Ulberg,Da Un Jung,-314,242,UFC 293: Adesanya vs. Strickland,2023-09-09
Jack Jenkins,Jose Mariscal,-210,165,UFC 293: Adesanya vs. Strickland,2023-09-09
Chepe Mariscal,Jack Jenkins,175,-212,UFC 293: Adesanya vs. Strickland,2023-09-09
Jamie Mullarkey,John Makdessi,-290,230,UFC 293: Adesanya vs. Strickland,2023-09-09
Landon Quinones,Nasrat Haqparast,370,-500,UFC 293: Adesanya vs. Strickland,2023-09-09
Alexa Grasso,Valentina Shevchenko,140,-174,UFC Fight Night: Grasso vs. Shevchenko 2,2023-09-16
Jack Della Maddalena,Kevin Holland,-115,-104,UFC Fight Night: Grasso vs. Shevchenko 2,2023-09-16
Raul Rosas Jr,Terrence Mitchell,-750,525,UFC Fight Night: Grasso vs. Shevchenko 2,2023-09-16
Christos Giagos,Daniel Zellhuber,225,-295,UFC Fight Night: Grasso vs. Shevchenko 2,2023-09-16
Fernando Padilla,Kyle Nelson,-260,205,UFC Fight Night: Grasso vs. Shevchenko 2,2023-09-16
Elise Reed,Lupita Godinez,300,-400,UFC Fight Night: Grasso vs. Shevchenko 2,2023-09-16
Josh Fremd,Roman Kopylov,260,-330,UFC Fight Night: Grasso vs. Shevchenko 2,2023-09-16
Daniel da Silva Lacerda,Edgar Chairez,184,-225,UFC Fight Night: Grasso vs. Shevchenko 2,2023-09-16
Jasmine Jasudavicius,Tracy Cortez,100,-122,UFC Fight Night: Grasso vs. Shevchenko 2,2023-09-16
Mateusz Gamrot,Rafael Fiziev,120,-142,UFC Fight Night: Fiziev vs. Gamrot,2023-09-23
Bryce Mitchell,Dan Ige,-210,170,UFC Fight Night: Fiziev vs. Gamrot,2023-09-23
Marina Rodriguez,Michelle Waterson Gomez,-360,260,UFC Fight Night: Fiziev vs. Gamrot,2023-09-23
Aj Fletcher,Bryan Battle,163,-205,UFC Fight Night: Fiziev vs. Gamrot,2023-09-23
Charles Jourdain,Ricardo Ramos,-145,118,UFC Fight Night: Fiziev vs. Gamrot,2023-09-23
Dan Argueta,Miles Johns,-175,144,UFC Fight Night: Fiziev vs. Gamrot,2023-09-23
Andre Fialho,Tim Means,-166,135,UFC Fight Night: Fiziev vs. Gamrot,2023-09-23
Cody Brundage,Jacob Malkoun,420,-600,UFC Fight Night: Fiziev vs. Gamrot,2023-09-23
Jake Collier,Mohammed Usman,102,-125,UFC Fight Night: Fiziev vs. Gamrot,2023-09-23
Hannah Goldy,Mizuki Inoue,265,-350,UFC Fight Night: Fiziev vs. Gamrot,2023-09-23
Montserrat Rendon,Tamires Vidal,205,-260,UFC Fight Night: Fiziev vs. Gamrot,2023-09-23
Bobby Green,Grant Dawson,380,-490,UFC Fight Night: Dawson vs. Green,2023-10-07
Abdul Razak Alhassan,Joe Pfyer,300,-400,UFC Fight Night: Dawson vs. Green,2023-10-07
Alex Morono,Joaquin Buckley,145,-175,UFC Fight Night: Dawson vs. Green,2023-10-07
Edson Barboza,Sodiq Yusuff,145,-175,UFC Fight Night: Yusuff vs. Barboza,2023-10-14
Jennifer Maia,Viviane Araujo,-157,125,UFC Fight Night: Yusuff vs. Barboza,2023-10-14
Adrian Yanez,Jonathan Martinez,-105,-115,UFC Fight Night: Yusuff vs. Barboza,2023-10-14
Kamaru Usman,Khamzat Chimaev,275,-350,UFC 294: Makhachev vs. Volkanovski 2,2023-10-21
Charles Oliveira,Islam Makhachev,268,-350,UFC 294: Makhachev vs. Volkanovski 2,2023-10-21
Alexander Volkanovski,Islam Makhachev,205,-250,UFC 294: Makhachev vs. Volkanovski 2,2023-10-21
Khamzat Chimaev,Paulo Costa,-351,275,UFC 294: Makhachev vs. Volkanovski 2,2023-10-21
Johnny Walker,Magomed Ankalaev,285,-375,UFC 294: Makhachev vs. Volkanovski 2,2023-10-21
Ikram Aliskerov,Nassourdine Imavov,-125,100,UFC 294: Makhachev vs. Volkanovski 2,2023-10-21
Ikram Aliskerov,Warlley Alves,-625,460,UFC 294: Makhachev vs. Volkanovski 2,2023-10-21
Muin Gafurov,Said Nurmagomedov,260,-335,UFC 294: Makhachev vs. Volkanovski 2,2023-10-21
Muhammad Mokaev,Tim Elliott,-450,325,UFC 294: Makhachev vs. Volkanovski 2,2023-10-21
Mohammad Yahya,Trevor Peek,155,-195,UFC 294: Makhachev vs. Volkanovski 2,2023-10-21
Javid Basharat,Victor Henry,-590,425,UFC 294: Makhachev vs. Volkanovski 2,2023-10-21
Abu Azaitar,Sedriques Dumas,195,-250,UFC 294: Makhachev vs. Volkanovski 2,2023-10-21
Anshul Jubli,Mike Breeden,-275,215,UFC 294: Makhachev vs. Volkanovski 2,2023-10-21
Jinh Yu Frey,Viktoriia Dudakova,400,-520,UFC 294: Makhachev vs. Volkanovski 2,2023-10-21
Muhammad Naimov,Nathaniel Wood,260,-350,UFC 294: Makhachev vs. Volkanovski 2,2023-10-21
Bruno Silva,Sharapudin Magomedov,280,-360,UFC 294: Makhachev vs. Volkanovski 2,2023-10-21
Elves Brener,Esteban Ribovics,-160,130,UFC Fight Night: Almeida vs. Lewis,2023-11-04
Derrick Lewis,Jailton Almeida,350,-500,UFC Fight Night: Almeida vs. Lewis,2023-11-04
Gabriel Bonfim,Nicolas Dalby,-620,450,UFC Fight Night: Almeida vs. Lewis,2023-11-04
Don'tale Mayes,Rodrigo Nascimento,168,-200,UFC Fight Night: Almeida vs. Lewis,2023-11-04
Abus Magomedov,Caio Borralho,240,-300,UFC Fight Night: Almeida vs. Lewis,2023-11-04
Armen Petrosyan,Rodolfo Vieira,-110,-110,UFC Fight Night: Almeida vs. Lewis,2023-11-04
Elves Brener,Kaynan Kruschewsky,-240,195,UFC Fight Night: Almeida vs. Lewis,2023-11-04
Elizeu Zaleski Dos Santos,Rinat Fakhretdinov,275,-370,UFC Fight Night: Almeida vs. Lewis,2023-11-04
Joshua van,Kevin Borjas,-245,200,UFC 295: Prochazka vs. Pereira,2023-11-11
Dennis Buzukja,Jamall Emmers,200,-250,UFC 295: Prochazka vs. Pereira,2023-11-11
Mateusz Rebecki,Nurullo Aliev,-185,150,UFC 295: Prochazka vs. Pereira,2023-11-11
Gilbert Burns,Michael Morales,370,-482,UFC Fight Night: Allen vs. Craig,2023-11-18
Paul Craig,Rodolfo Bellato,310,-398,UFC Fight Night: Allen vs. Craig,2023-11-18
Mairon Santos,Sodiq Yusuff,-155,130,UFC Fight Night: Allen vs. Craig,2023-11-18
Arman Tsarukyan,Beneil Dariush,-280,225,UFC Fight Night: Dariush vs. Tsarukyan,2023-12-02
Bobby Green,Jalin Turner,145,-180,UFC Fight Night: Dariush vs. Tsarukyan,2023-12-02
Deiveson Figueiredo,Rob Font,104,-129,UFC Fight Night: Dariush vs. Tsarukyan,2023-12-02
Kelvin Gastelum,Sean Brady,63,-116,UFC Fight Night: Dariush vs. Tsarukyan,2023-12-02
Clay Guida,Joaquim Silva,260,-335,UFC Fight Night: Dariush vs. Tsarukyan,2023-12-02
Dustin Stoltzfus,Punahele Soriano,275,-360,UFC Fight Night: Dariush vs. Tsarukyan,2023-12-02
Anthony Smith,Khalil Rountree,164,-200,UFC Fight Night: Song vs. Gutierrez,2023-12-09
Chris Gutierrez,Song Yadong,280,-375,UFC Fight Night: Song vs. Gutierrez,2023-12-09
Jamie Mullarkey,Nasrat Haqparast,164,-196,UFC Fight Night: Song vs. Gutierrez,2023-12-09
Su Mudaerji,Tim Elliott,129,-157,UFC Fight Night: Song vs. Gutierrez,2023-12-09
Andre Muniz,Jun Yong Park,158,-188,UFC Fight Night: Song vs. Gutierrez,2023-12-09
Kenan Song,Kevin Jousset,130,-160,UFC Fight Night: Song vs. Gutierrez,2023-12-09
Park Hyun-Sung,Shannon Ross,-650,460,UFC Fight Night: Song vs. Gutierrez,2023-12-09
Melquizael Costa,Steve Garcia,-262,208,UFC Fight Night: Song vs. Gutierrez,2023-12-09
Luana Santos,Stephanie Egger,-152,128,UFC Fight Night: Song vs. Gutierrez,2023-12-09
Carlos Hernandez,Tatsuro Taira,420,-620,UFC Fight Night: Song vs. Gutierrez,2023-12-09
Rayanne Dos Santos,Talita Alencar,-162,133,UFC Fight Night: Song vs. Gutierrez,2023-12-09
Alexandre Pantoja,Brandon Royval,-220,172,UFC 296: Edwards vs. Covington,2023-12-16
Shavkat Rakhmonov,Stephen Thompson,-625,450,UFC 296: Edwards vs. Covington,2023-12-16
Paddy Pimblett,Tony Ferguson,-320,256,UFC 296: Edwards vs. Covington,2023-12-16
Bryce Mitchell,Josh Emmett,-256,210,UFC 296: Edwards vs. Covington,2023-12-16
Alonzo Menifield,Dustin Jacoby,212,-270,UFC 296: Edwards vs. Covington,2023-12-16
Irene Aldana,Karol Rosa,-186,150,UFC 296: Edwards vs. Covington,2023-12-16
Brian Kelleher,Cody Garbrandt,155,-192,UFC 296: Edwards vs. Covington,2023-12-16
Ariane Lipski,Casey O'Neill,155,-189,UFC 296: Edwards vs. Covington,2023-12-16
Cody Durden,Tagir Ulanbekov,140,-175,UFC 296: Edwards vs. Covington,2023-12-16
Andre Fili,Lucas Almeida,-174,143,UFC 296: Edwards vs. Covington,2023-12-16
Colby Covington,Leon Edwards,125,-150,UFC 296: Edwards vs. Covington,2023-12-16
Johnny Walker,Magomed Ankalaev,400,-550,UFC Fight Night: Ankalaev vs. Walker 2,2024-01-13
Gabriel Benitez,Jim Miller,126,-155,UFC Fight Night: Ankalaev vs. Walker 2,2024-01-13
Mario Bautista,Ricky Simon,154,-189,UFC Fight Night: Ankalaev vs. Walker 2,2024-01-13
Manel Kape,Matheus Nicolau,-278,218,UFC Fight Night: Ankalaev vs. Walker 2,2024-01-13
Brunno Ferreira,Phil Hawes,-137,112,UFC Fight Night: Ankalaev vs. Walker 2,2024-01-13
Andrei Arlovski,Waldo Cortes-Acosta,480,-670,UFC Fight Night: Ankalaev vs. Walker 2,2024-01-13
Matthew Semelsberger,Preston Parsons,-110,-109,UFC Fight Night: Ankalaev vs. Walker 2,2024-01-13
Gaston Bolanos,Marcus McGhee,200,-250,UFC Fight Night: Ankalaev vs. Walker 2,2024-01-13
Ketlen Vieira,Macy Chiasson,-175,145,UFC Fight Night: Ankalaev vs. Walker 2,2024-01-13
Farid Basharat,Taylor Lapilus,-295,230,UFC Fight Night: Ankalaev vs. Walker 2,2024-01-13
Jean Silva,Westin Wilson,-950,625,UFC Fight Night: Ankalaev vs. Walker 2,2024-01-13
Nikolas Motta,Tom Nolan,280,-360,UFC Fight Night: Ankalaev vs. Walker 2,2024-01-13
Felipe Bunes,Joshua van,220,-286,UFC Fight Night: Ankalaev vs. Walker 2,2024-01-13
Dricus Du Plessis,Sean Strickland,-112,-108,UFC 297: Strickland vs. Du Plessis,2024-01-20
Mayra Bueno Silva,Raquel Pennington,-164,138,UFC 297: Strickland vs. Du Plessis,2024-01-20
Mike Malott,Neil Magny,-375,300,UFC 297: Strickland vs. Du Plessis,2024-01-20
Chris Curtis,Marc-Andre Barriault,-188,150,UFC 297: Strickland vs. Du Plessis,2024-01-20
Arnold Allen,Movsar Evloev,160,-200,UFC 297: Strickland vs. Du Plessis,2024-01-20
Brad Katona,Garrett Armfield,-215,170,UFC 297: Strickland vs. Du Plessis,2024-01-20
Charles Jourdain,Sean Woodson,-210,170,UFC 297: Strickland vs. Du Plessis,2024-01-20
Ramon Taveras,Serhiy Sidey,155,-190,UFC 297: Strickland vs. Du Plessis,2024-01-20
Gillian Robertson,Polyana Viana,-305,235,UFC 297: Strickland vs. Du Plessis,2024-01-20
Sam Patterson,Yohan Lainesse,120,-145,UFC 297: Strickland vs. Du Plessis,2024-01-20
Jasmine Jasudavicius,Priscila Cachoeira,-420,310,UFC 297: Strickland vs. Du Plessis,2024-01-20
Nassourdine Imavov,Roman Dolidze,-170,140,UFC Fight Night: Dolidze vs. Imavov,2024-02-03
Drew Dober,Renato Moicano,160,-195,UFC Fight Night: Dolidze vs. Imavov,2024-02-03
Muslim Salikhov,Randy Brown,215,-275,UFC Fight Night: Dolidze vs. Imavov,2024-02-03
Natalia Silva,Viviane Araujo,-350,270,UFC Fight Night: Dolidze vs. Imavov,2024-02-03
Aliaskhab Khizriev,Makhmud Muradov,-160,130,UFC Fight Night: Dolidze vs. Imavov,2024-02-03
Charles Radtke,Gilbert Urbina,170,-210,UFC Fight Night: Dolidze vs. Imavov,2024-02-03
Israel Adesanya,Joe Pyfer,-112,-112,UFC Fight Night: Hermansson vs. Pyfer,2024-02-10
Marcin Tybura,Tai Tuivasa,102,-127,UFC 298: Volkanovski vs. Topuria,2024-02-17
Alex Volkanovski,Alexsandre Topuria,-140,115,UFC 298: Volkanovski vs. Topuria,2024-02-17
Paulo Costa,Robert Whittaker,170,-213,UFC 298: Volkanovski vs. Topuria,2024-02-17
Geoff Neal,Ian Machado Garry,200,-250,UFC 298: Volkanovski vs. Topuria,2024-02-17
Henry Cejudo,Merab Dvalishvili,240,-298,UFC 298: Volkanovski vs. Topuria,2024-02-17
Anthony Hernandez,Roman Kopylov,-218,180,UFC 298: Volkanovski vs. Topuria,2024-02-17
Amanda Lemos,Mackenzie Dern,-158,130,UFC 298: Volkanovski vs. Topuria,2024-02-17
Justin Tafa,Marcos Rogerio de Lima,180,-225,UFC 298: Volkanovski vs. Topuria,2024-02-17
Carlos Vera,Rinya Nakamura,750,-1299,UFC 298: Volkanovski vs. Topuria,2024-02-17
Brendson Ribeiro,Zhang Mingyang,63,-115,UFC 298: Volkanovski vs. Topuria,2024-02-17
Danny Barlow,Josh Quinlan,-200,160,UFC 298: Volkanovski vs. Topuria,2024-02-17
Oban Elliott,Val Woodburn,-335,250,UFC 298: Volkanovski vs. Topuria,2024-02-17
Brandon Moreno,Steve Erceg,-258,208,UFC Fight Night: Moreno vs. Royval 2,2024-02-24
Drew Dober,Manuel Torres,102,-124,UFC Fight Night: Moreno vs. Royval 2,2024-02-24
Joe Pfyer,Kelvin Gastelum,-270,220,UFC Fight Night: Moreno vs. Royval 2,2024-02-24
Cj Vergara,Edgar Chairez,218,-275,UFC Fight Night: Moreno vs. Royval 2,2024-02-24
Raul Rosas Jr,Vince Morales,-490,360,UFC Fight Night: Moreno vs. Royval 2,2024-02-24
Jairzinho Rozenstruik,Shamil Gaziev,160,-195,UFC Fight Night: Rozenstruik vs. Gaziev,2024-03-02
Joel Alvarez,Ludovit Klein,-165,140,UFC Fight Night: Rozenstruik vs. Gaziev,2024-03-02
Brendon Marotte,Mohammad Yahya,105,-125,UFC Fight Night: Rozenstruik vs. Gaziev,2024-03-02
Vinicius Oliveira,Yanis Ghemmouri,-175,145,UFC Fight Night: Rozenstruik vs. Gaziev,2024-03-02
Tyson Pedro,Vitor Petrino,320,-420,UFC Fight Night: Rozenstruik vs. Gaziev,2024-03-02
Alex Perez,Muhammad Mokaev,315,-400,UFC Fight Night: Rozenstruik vs. Gaziev,2024-03-02
Bekzat Almakhan,Umar Nurmagomedov,775,-1375,UFC Fight Night: Rozenstruik vs. Gaziev,2024-03-02
Matt Schnell,Steve Erceg,360,-480,UFC Fight Night: Rozenstruik vs. Gaziev,2024-03-02
Bernardo Sopai,Vinicius Oliveira,114,-134,UFC Fight Night: Rozenstruik vs. Gaziev,2024-03-02
Eryk Anders,Jamie Pickett,-550,400,UFC Fight Night: Rozenstruik vs. Gaziev,2024-03-02
Aiemann Zahabi,Javid Basharat,588,-900,UFC Fight Night: Rozenstruik vs. Gaziev,2024-03-02
Christian Leroy Duncan,Claudio Ribeiro,-400,300,UFC Fight Night: Rozenstruik vs. Gaziev,2024-03-02
Aj Cunningham,Ludovit Klein,662,-1050,UFC Fight Night: Rozenstruik vs. Gaziev,2024-03-02
Abdul-Kareem Al-Selwady,Loik Radzhabov,-140,118,UFC Fight Night: Rozenstruik vs. Gaziev,2024-03-02
Marlon Vera,Sean O'Malley,210,-270,UFC 299: O'Malley vs. Vera 2,2024-03-09
Benoit Saint-Denis,Dustin Poirier,-219,175,UFC 299: O'Malley vs. Vera 2,2024-03-09
Kevin Holland,Michael Page,-137,113,UFC 299: O'Malley vs. Vera 2,2024-03-09
Gilbert Burns,Jack Della Maddalena,132,-160,UFC 299: O'Malley vs. Vera 2,2024-03-09
Petr Yan,Song Yadong,-166,138,UFC 299: O'Malley vs. Vera 2,2024-03-09
Curtis Blaydes,Jailton Almeida,114,-140,UFC 299: O'Malley vs. Vera 2,2024-03-09
Katlyn Cerminara,Maycee Barber,150,-185,UFC 299: O'Malley vs. Vera 2,2024-03-09
Katlyn Chookagian,Maycee Barber,165,-202,UFC 299: O'Malley vs. Vera 2,2024-03-09
Mateusz Gamrot,Rafael Dos Anjos,-482,360,UFC 299: O'Malley vs. Vera 2,2024-03-09
Kyler Phillips,Pedro Munhoz,-222,180,UFC 299: O'Malley vs. Vera 2,2024-03-09
Ion Cutelaba,Philipe Lins,-140,116,UFC 299: O'Malley vs. Vera 2,2024-03-09
Michal Oleksiejczuk,Michel Pereira,128,-152,UFC 299: O'Malley vs. Vera 2,2024-03-09
Josh Parisian,Robelis Despaigne,298,-375,UFC 299: O'Malley vs. Vera 2,2024-03-09
Marcin Tybura,Tai Tuivasa,-102,-116,UFC Fight Night: Tuivasa vs. Tybura,2024-03-16
Ange Loosa,Bryan Battle,164,-205,UFC Fight Night: Tuivasa vs. Tybura,2024-03-16
Kennedy Nzechukwu,Ovince St. Preux,-684,488,UFC Fight Night: Tuivasa vs. Tybura,2024-03-16
Christian Rodriguez,Isaac Dulgarian,160,-198,UFC Fight Night: Tuivasa vs. Tybura,2024-03-16
Amanda Ribas,Rose Namajunas,180,-219,UFC Fight Night: Ribas vs. Namajunas,2024-03-23
Justin Tafa,Karl Williams,156,-188,UFC Fight Night: Ribas vs. Namajunas,2024-03-23
Aj Dobson,Edmen Shahbazyan,160,-198,UFC Fight Night: Ribas vs. Namajunas,2024-03-23
Cameron Saaiman,Payton Talbott,135,-164,UFC Fight Night: Ribas vs. Namajunas,2024-03-23
Billy Quartantillo,Youssef Zalal,109,-128,UFC Fight Night: Ribas vs. Namajunas,2024-03-23
Fernando Padilla,Luis Pajuelo,-180,148,UFC Fight Night: Ribas vs. Namajunas,2024-03-23
Kurt Holobaugh,Trey Ogden,108,-130,UFC Fight Night: Ribas vs. Namajunas,2024-03-23
Julian Erosa,Ricardo Ramos,143,-176,UFC Fight Night: Ribas vs. Namajunas,2024-03-23
Cody Gibson,Miles Johns,118,-140,UFC Fight Night: Ribas vs. Namajunas,2024-03-23
Jarno Errens,Steven Nguyen,136,-162,UFC Fight Night: Ribas vs. Namajunas,2024-03-23
Darya Zheleznyakova,Montserrat Rendon,-275,210,UFC Fight Night: Ribas vs. Namajunas,2024-03-23
Erin Blanchfield,Manon Fiorot,-196,160,UFC Fight Night: Blanchfield vs. Fiorot,2024-03-30
Joaquin Buckley,Vicente Luque,105,-126,UFC Fight Night: Blanchfield vs. Fiorot,2024-03-30
Bruno Silva,Chris Weidman,-188,155,UFC Fight Night: Blanchfield vs. Fiorot,2024-03-30
Nursulton Ruziboev,Sedriques Dumas,-239,197,UFC Fight Night: Blanchfield vs. Fiorot,2024-03-30
Bill Algeo,Kyle Nelson,-275,212,UFC Fight Night: Blanchfield vs. Fiorot,2024-03-30
Chidi Njokuani,Rhys McKee,-137,112,UFC Fight Night: Blanchfield vs. Fiorot,2024-03-30
Jamall Emmers,Nate Landwehr,-182,145,UFC Fight Night: Blanchfield vs. Fiorot,2024-03-30
Lupita Godinez,Virna Jandiroba,-216,180,UFC Fight Night: Blanchfield vs. Fiorot,2024-03-30
Herbert Burns,Julio Arce,288,-372,UFC Fight Night: Blanchfield vs. Fiorot,2024-03-30
Connor Matthews,Dennis Buzukja,-20,-118,UFC Fight Night: Blanchfield vs. Fiorot,2024-03-30
Anton Turkalj,Ibo Aslan,108,-128,UFC Fight Night: Blanchfield vs. Fiorot,2024-03-30
Melissa Gatto,Victoria Dudakova,-155,125,UFC Fight Night: Blanchfield vs. Fiorot,2024-03-30
Brendan Allen,Chris Curtis,-222,180,UFC Fight Night: Allen vs. Curtis 2,2024-04-06
Alexander Hernandez,Damon Jackson,-192,155,UFC Fight Night: Allen vs. Curtis 2,2024-04-06
Chepe Mariscal,Morgan Charriere,120,-141,UFC Fight Night: Allen vs. Curtis 2,2024-04-06
Christos Giagos,Ignacio Bahamondes,250,-315,UFC Fight Night: Allen vs. Curtis 2,2024-04-06
Charlie Campbell,Trevor Peek,-167,135,UFC Fight Night: Allen vs. Curtis 2,2024-04-06
Alex Morono,Court McGee,-348,272,UFC Fight Night: Allen vs. Curtis 2,2024-04-06
Lukasz Brzeski,Valter Walker,192,-235,UFC Fight Night: Allen vs. Curtis 2,2024-04-06
Germaine de Randamie,Norma Dumont,82,-118,UFC Fight Night: Allen vs. Curtis 2,2024-04-06
Pedro Falcao,Victor Hugo,120,-142,UFC Fight Night: Allen vs. Curtis 2,2024-04-06
Dan Argueta,Jean Matsumoto,138,-162,UFC Fight Night: Allen vs. Curtis 2,2024-04-06
Cesar Almeida,Dylan Budka,122,-150,UFC Fight Night: Allen vs. Curtis 2,2024-04-06
Melissa Dixon,Nora Cornolle,-345,265,UFC Fight Night: Allen vs. Curtis 2,2024-04-06
Melissa Mullins,Nora Cornolle,-368,282,UFC Fight Night: Allen vs. Curtis 2,2024-04-06
Alex Pereira,Jamahal Hill,-134,111,UFC 300: Pereira vs. Hill,2024-04-13
Yan Xiaonan,Zhang Weili,390,-535,UFC 300: Pereira vs. Hill,2024-04-13
Justin Gaethje,Max Holloway,-188,154,UFC 300: Pereira vs. Hill,2024-04-13
Arman Tsarukyan,Charles Oliveira,-198,165,UFC 300: Pereira vs. Hill,2024-04-13
Bo Nickal,Cody Brundage,-1496,850,UFC 300: Pereira vs. Hill,2024-04-13
Aleksandar Rakic,Jiri Prochazka,-120,100,UFC 300: Pereira vs. Hill,2024-04-13
Aljamain Sterling,Calvin Kattar,-185,154,UFC 300: Pereira vs. Hill,2024-04-13
Holly Holm,Kayla Harrison,340,-450,UFC 300: Pereira vs. Hill,2024-04-13
Diego Lopes,Sodiq Yusuff,-155,125,UFC 300: Pereira vs. Hill,2024-04-13
Alex Perez,Matheus Nicolau,147,-186,UFC Fight Night: Nicolau vs. Perez,2024-04-27
Bogdan Guskov,Ryan Spann,150,-186,UFC Fight Night: Nicolau vs. Perez,2024-04-27
Ariane Lipski,Karine Silva,145,-176,UFC Fight Night: Nicolau vs. Perez,2024-04-27
Austen Lane,Jhonata Diniz,258,-335,UFC Fight Night: Nicolau vs. Perez,2024-04-27
Alexandre Pantoja,Steve Erceg,-185,150,UFC 301: Pantoja vs. Erceg,2024-05-04
Jonathan Martinez,Jose Aldo,-158,130,UFC 301: Pantoja vs. Erceg,2024-05-04
Anthony Smith,Vitor Petrino,365,-490,UFC 301: Pantoja vs. Erceg,2024-05-04
Ihor Potieria,Michel Pereira,425,-590,UFC 301: Pantoja vs. Erceg,2024-05-04
Caio Borralho,Paul Craig,-570,415,UFC 301: Pantoja vs. Erceg,2024-05-04
Jack Shore,Joanderson Brito,169,-208,UFC 301: Pantoja vs. Erceg,2024-05-04
Iasmin Lucindo,Karolina Kowalkiewicz,-372,290,UFC 301: Pantoja vs. Erceg,2024-05-04
Elves Brener,Myktybek Orolbai,212,-275,UFC 301: Pantoja vs. Erceg,2024-05-04
Drakkar Klose,Joaquim Silva,-208,174,UFC 301: Pantoja vs. Erceg,2024-05-04
Derrick Lewis,Rodrigo Nascimento,-167,136,UFC Fight Night: Lewis vs. Nascimento,2024-05-11
Joaquin Buckley,Nursulton Ruziboev,-135,110,UFC Fight Night: Lewis vs. Nascimento,2024-05-11
Alonzo Menifield,Carlos Ulberg,215,-270,UFC Fight Night: Lewis vs. Nascimento,2024-05-11
Diego Ferreira,Mateusz Rebecki,340,-440,UFC Fight Night: Lewis vs. Nascimento,2024-05-11
Edson Barboza,Sodiq Yusuff,145,-175,UFC Fight Night: Barboza vs. Murphy,2024-05-18
Jennifer Maia,Viviane Araujo,-157,125,UFC Fight Night: Barboza vs. Murphy,2024-05-18
Adrian Yanez,Jonathan Martinez,-105,-115,UFC Fight Night: Barboza vs. Murphy,2024-05-18
Dustin Poirier,Islam Makhachev,320,-425,UFC 302: Makhachev vs. Poirier,2024-06-01
Paulo Costa,Sean Strickland,200,-240,UFC 302: Makhachev vs. Poirier,2024-06-01
Kevin Holland,Michal Oleksiejczuk,-305,240,UFC 302: Makhachev vs. Poirier,2024-06-01
Alex Morono,Niko Price,-275,225,UFC 302: Makhachev vs. Poirier,2024-06-01
Elizeu Zaleski Dos Santos,Randy Brown,150,-180,UFC 302: Makhachev vs. Poirier,2024-06-01
Cesar Almeida,Roman Kopylov,-115,-105,UFC 302: Makhachev vs. Poirier,2024-06-01
Alexandr Romanov,Jailton Almeida,310,-395,UFC 302: Makhachev vs. Poirier,2024-06-01
Grant Dawson,Joe Solecki,-510,390,UFC 302: Makhachev vs. Poirier,2024-06-01
Jake Matthews,Phil Rowe,-174,140,UFC 302: Makhachev vs. Poirier,2024-06-01
Jared Cannonier,Nassourdine Imavov,105,-125,UFC Fight Night: Cannonier vs. Imavov,2024-06-08
Dominick Reyes,Dustin Jacoby,190,-245,UFC Fight Night: Cannonier vs. Imavov,2024-06-08
Raul Rosas Jr,Ricky Turcios,-298,225,UFC Fight Night: Cannonier vs. Imavov,2024-06-08
Brunno Ferreira,Dustin Stoltzfus,-275,220,UFC Fight Night: Cannonier vs. Imavov,2024-06-08
Julian Marquez,Zachary Reese,-143,115,UFC Fight Night: Cannonier vs. Imavov,2024-06-08
Miguel Baeza,Punahele Soriano,-200,165,UFC Fight Night: Cannonier vs. Imavov,2024-06-08
Alex Perez,Tatsuro Taira,195,-250,UFC Fight Night: Perez vs. Taira,2024-06-15
Douglas Silva de Andrade,Miles Johns,135,-163,UFC Fight Night: Perez vs. Taira,2024-06-15
Lucas Almeida,Timothy Cuamba,160,-196,UFC Fight Night: Perez vs. Taira,2024-06-15
Brady Hiestand,Garrett Armfield,210,-260,UFC Fight Night: Perez vs. Taira,2024-06-15
Asu Almabaev,Jose Johnson,-450,350,UFC Fight Night: Perez vs. Taira,2024-06-15
Adam Fugitt,Josh Quinlan,115,-143,UFC Fight Night: Perez vs. Taira,2024-06-15
Jimmy Flick,Nate Maness,450,-650,UFC Fight Night: Perez vs. Taira,2024-06-15
Carli Judice,Gabriella Fernandes,135,-163,UFC Fight Night: Perez vs. Taira,2024-06-15
Jeka Saragih,Westin Wilson,-350,280,UFC Fight Night: Perez vs. Taira,2024-06-15
Melquizael Costa,Shayilan Nuerdanbieke,-215,180,UFC Fight Night: Perez vs. Taira,2024-06-15
Josefine Knutsson,Julia Polastri,-210,165,UFC Fight Night: Perez vs. Taira,2024-06-15
Ikram Aliskerov,Robert Whittaker,100,-110,UFC Fight Night: Whittaker vs. Aliskerov,2024-06-22
Alexander Volkov,Sergei Pavlovich,190,-238,UFC Fight Night: Whittaker vs. Aliskerov,2024-06-22
Daniel Rodriguez,Kelvin Gastelum,164,-200,UFC Fight Night: Whittaker vs. Aliskerov,2024-06-22
Antonio Trocoli,Shara Magomedov,460,-620,UFC Fight Night: Whittaker vs. Aliskerov,2024-06-22
Johnny Walker,Volkan Oezdemir,-136,110,UFC Fight Night: Whittaker vs. Aliskerov,2024-06-22
Jared Gordon,Nasrat Haqparast,200,-250,UFC Fight Night: Whittaker vs. Aliskerov,2024-06-22
Felipe Lima,Muhammadjon Naimov,116,-142,UFC Fight Night: Whittaker vs. Aliskerov,2024-06-22
Nicolas Dalby,Rinat Fakhretdinov,300,-375,UFC Fight Night: Whittaker vs. Aliskerov,2024-06-22
Kyung Ho Kang,Muin Gafurov,135,-165,UFC Fight Night: Whittaker vs. Aliskerov,2024-06-22
Brendson Ribeiro,Magomed Gadzhiyasulov,275,-350,UFC Fight Night: Whittaker vs. Aliskerov,2024-06-22
Chang Ho Lee,Long Xiao,105,-125,UFC Fight Night: Whittaker vs. Aliskerov,2024-06-22
Melsik Baghdasaryan,Muhammad Naimov,110,-135,UFC Fight Night: Whittaker vs. Aliskerov,2024-06-22
Abu Azaitar,Denis Tiuliulin,110,-135,UFC Fight Night: Whittaker vs. Aliskerov,2024-06-22
Farid Basharat,Montel Jackson,-200,165,UFC Fight Night: Whittaker vs. Aliskerov,2024-06-22
Khamzat Chimaev,Robert Whittaker,-250,200,UFC Fight Night: Whittaker vs. Aliskerov,2024-06-22
Alex Pereira,Jiri Prochazka,-148,120,UFC 303: Pereira vs. Prochazka 2,2024-06-29
Dan Ige,Diego Lopes,220,-286,UFC 303: Pereira vs. Prochazka 2,2024-06-29
Brian Ortega,Diego Lopes,130,-157,UFC 303: Pereira vs. Prochazka 2,2024-06-29
Anthony Smith,Roman Dolidze,118,-145,UFC 303: Pereira vs. Prochazka 2,2024-06-29
Macy Chiasson,Mayra Bueno Silva,-110,-105,UFC 303: Pereira vs. Prochazka 2,2024-06-29
Ian Machado Garry,Michael Page,-200,154,UFC 303: Pereira vs. Prochazka 2,2024-06-29
Joe Pyfer,Marc-Andre Barriault,-333,250,UFC 303: Pereira vs. Prochazka 2,2024-06-29
Andre Fili,Cub Swanson,-238,180,UFC 303: Pereira vs. Prochazka 2,2024-06-29
Charles Jourdain,Jean Silva,-134,110,UFC 303: Pereira vs. Prochazka 2,2024-06-29
Payton Talbott,Yanis Ghemmouri,-1600,850,UFC 303: Pereira vs. Prochazka 2,2024-06-29
Rose Namajunas,Tracy Cortez,-270,210,UFC Fight Night: Namajunas vs. Cortez,2024-07-13
Muslim Salikhov,Santiago Ponzinibbio,145,-185,UFC Fight Night: Namajunas vs. Cortez,2024-07-13
Drew Dober,Jean Silva,-108,-110,UFC Fight Night: Namajunas vs. Cortez,2024-07-13
Ange Loosa,Gabriel Bonfim,310,-390,UFC Fight Night: Namajunas vs. Cortez,2024-07-13
Christian Rodriguez,Julian Erosa,-265,215,UFC Fight Night: Namajunas vs. Cortez,2024-07-13
Abdul Razak Alhassan,Cody Brundage,-150,125,UFC Fight Night: Namajunas vs. Cortez,2024-07-13
Charles Johnson,Joshua van,220,-270,UFC Fight Night: Namajunas vs. Cortez,2024-07-13
Fatima Kline,Jasmine Jasudavicius,122,-145,UFC Fight Night: Namajunas vs. Cortez,2024-07-13
Damon Blackshear,Montel Jackson,-105,-112,UFC Fight Night: Namajunas vs. Cortez,2024-07-13
Luana Santos,Mariya Agapova,-400,300,UFC Fight Night: Namajunas vs. Cortez,2024-07-13
Amanda Lemos,Virna Jandiroba,-105,-115,UFC Fight Night: Lemos vs. Jandiroba,2024-07-20
Seungwoo Choi,Steve Garcia,148,-182,UFC Fight Night: Lemos vs. Jandiroba,2024-07-20
Kaynan Kruschewsky,Kurt Holobaugh,-144,120,UFC Fight Night: Lemos vs. Jandiroba,2024-07-20
Bruno Silva,Cody Durden,-148,124,UFC Fight Night: Lemos vs. Jandiroba,2024-07-20
Bill Algeo,Doo Ho Choi,-225,190,UFC Fight Night: Lemos vs. Jandiroba,2024-07-20
Hyder Amil,Jeongyeong Lee,172,-205,UFC Fight Night: Lemos vs. Jandiroba,2024-07-20
Belal Muhammad,Leon Edwards,200,-260,UFC 304: Edwards vs. Muhammad 2,2024-07-27
Curtis Blaydes,Tom Aspinall,300,-420,UFC 304: Edwards vs. Muhammad 2,2024-07-27
Bobby Green,Paddy Pimblett,110,-137,UFC 304: Edwards vs. Muhammad 2,2024-07-27
Christian Leroy Duncan,Gregory Rodrigues,-122,104,UFC 304: Edwards vs. Muhammad 2,2024-07-27
Arnold Allen,Giga Chikadze,-270,210,UFC 304: Edwards vs. Muhammad 2,2024-07-27
Daniel Pineda,Nathaniel Wood,333,-455,UFC 304: Edwards vs. Muhammad 2,2024-07-27
Bruna Brasil,Molly McCann,270,-350,UFC 304: Edwards vs. Muhammad 2,2024-07-27
Caolan Loughran,Jake Hadley,-238,186,UFC 304: Edwards vs. Muhammad 2,2024-07-27
Manel Kape,Muhammad Mokaev,170,-205,UFC 304: Edwards vs. Muhammad 2,2024-07-27
Cory Sandhagen,Umar Nurmagomedov,275,-350,UFC Fight Night: Sandhagen vs. Nurmagomedov,2024-08-03
Michal Oleksiejczuk,Sharabutdin Magomedov,215,-275,UFC Fight Night: Sandhagen vs. Nurmagomedov,2024-08-03
Deiveson Figueiredo,Marlon Vera,-148,120,UFC Fight Night: Sandhagen vs. Nurmagomedov,2024-08-03
Michael Chiesa,Tony Ferguson,-520,360,UFC Fight Night: Sandhagen vs. Nurmagomedov,2024-08-03
Loopy Godinez,Mackenzie Dern,112,-140,UFC Fight Night: Sandhagen vs. Nurmagomedov,2024-08-03
Elves Brener,Joel Alvarez,130,-158,UFC Fight Night: Sandhagen vs. Nurmagomedov,2024-08-03
Alonzo Menifield,Azamat Murzakanov,240,-298,UFC Fight Night: Sandhagen vs. Nurmagomedov,2024-08-03
Kaue Fernandes,Mohammad Yahya,-375,295,UFC Fight Night: Sandhagen vs. Nurmagomedov,2024-08-03
Don'tale Mayes,Shamil Gaziev,240,-295,UFC Fight Night: Sandhagen vs. Nurmagomedov,2024-08-03
Guram Kutateladze,Jordan Vucenic,-210,170,UFC Fight Night: Sandhagen vs. Nurmagomedov,2024-08-03
Sam Hughes,Victoria Dudakova,165,-210,UFC Fight Night: Sandhagen vs. Nurmagomedov,2024-08-03
Jai Herbert,Rolando Bedoya,-118,63,UFC Fight Night: Sandhagen vs. Nurmagomedov,2024-08-03
Denis Tiuliulin,Sedriques Dumas,195,-240,UFC Fight Night: Sandhagen vs. Nurmagomedov,2024-08-03
Abdul-Kareem Al-Selwady,Guram Kutateladze,200,-250,UFC Fight Night: Sandhagen vs. Nurmagomedov,2024-08-03
Marcin Tybura,Sergey Spivak,128,-160,UFC Fight Night: Tybura vs. Spivac 2,2024-08-10
Chepe Mariscal,Damon Jackson,-185,151,UFC Fight Night: Tybura vs. Spivac 2,2024-08-10
Damon Jackson,Jose Mariscal,84,-88,UFC Fight Night: Tybura vs. Spivac 2,2024-08-10
Danny Barlow,Nikolay Veretennikov,-425,320,UFC Fight Night: Tybura vs. Spivac 2,2024-08-10
Chris Gutierrez,Quang Le,-650,450,UFC Fight Night: Tybura vs. Spivac 2,2024-08-10
Israel Adesanya,Joe Pyfer,-112,-112,UFC 305: Du Plessis vs. Adesanya,2024-08-17
Caio Borralho,Jared Cannonier,-275,220,UFC Fight Night: Cannonier vs. Borralho,2024-08-24
Angela Hill,Tabatha Ricci,150,-178,UFC Fight Night: Cannonier vs. Borralho,2024-08-24
Robert Valentin,Ryan Loder,-144,120,UFC Fight Night: Cannonier vs. Borralho,2024-08-24
Kaan Ofli,Mairon Santos,176,-225,UFC Fight Night: Cannonier vs. Borralho,2024-08-24
Michael Morales,Neil Magny,-900,600,UFC Fight Night: Cannonier vs. Borralho,2024-08-24
Edmen Shahbazyan,Gerald Meerschaert,-325,260,UFC Fight Night: Cannonier vs. Borralho,2024-08-24
Dennis Buzukja,Francis Marshall,163,-205,UFC Fight Night: Cannonier vs. Borralho,2024-08-24
Jose Medina,Zach Reese,540,-770,UFC Fight Night: Cannonier vs. Borralho,2024-08-24
James Llontop,Viacheslav Borshchev,190,-230,UFC Fight Night: Cannonier vs. Borralho,2024-08-24
Jacqueline Cavalcanti,Josiane Nunes,-286,220,UFC Fight Night: Cannonier vs. Borralho,2024-08-24
Gilbert Burns,Michael Morales,370,-482,UFC Fight Night: Burns vs. Brady,2024-09-07
Paul Craig,Rodolfo Bellato,310,-398,UFC Fight Night: Burns vs. Brady,2024-09-07
Mairon Santos,Sodiq Yusuff,-155,130,UFC Fight Night: Burns vs. Brady,2024-09-07
Qileng Aori,Raul Rosas Jr.,472,-812,UFC 306: Riyadh Season Noche UFC,2024-09-14
Aoriqileng,Raul Rosas Jr.,650,-1000,UFC 306: Riyadh Season Noche UFC,2024-09-14
Benoit Saint-Denis,Renato Moicano,-275,220,UFC Fight Night: Moicano vs. Saint Denis,2024-09-28
Brendan Allen,Nassourdine Imavov,170,-205,UFC Fight Night: Moicano vs. Saint Denis,2024-09-28
Joanderson Brito,William Gomis,-315,245,UFC Fight Night: Moicano vs. Saint Denis,2024-09-28
Bryan Battle,Kevin Jousset,-180,143,UFC Fight Night: Moicano vs. Saint Denis,2024-09-28
Gabriel Miranda,Morgan Charriere,430,-600,UFC Fight Night: Moicano vs. Saint Denis,2024-09-28
Fares Ziam,Matt Frevola,-125,105,UFC Fight Night: Moicano vs. Saint Denis,2024-09-28
Ion Cutelaba,Ivan Erslan,-102,-115,UFC Fight Night: Moicano vs. Saint Denis,2024-09-28
Da Un Jung,Oumar Sy,234,-274,UFC Fight Night: Moicano vs. Saint Denis,2024-09-28
Da Woon Jung,Oumar Sy,428,-595,UFC Fight Night: Moicano vs. Saint Denis,2024-09-28
Ludovit Klein,Roosevelt Roberts,-1000,650,UFC Fight Night: Moicano vs. Saint Denis,2024-09-28
Taylor Lapilus,Vince Morales,-370,290,UFC Fight Night: Moicano vs. Saint Denis,2024-09-28
Ailin Perez,Darya Zheleznyakova,-225,180,UFC Fight Night: Moicano vs. Saint Denis,2024-09-28
Daniel Barez,Victor Altamirano,100,-124,UFC Fight Night: Moicano vs. Saint Denis,2024-09-28
Jacqueline Cavalcanti,Nora Cornolle,-210,175,UFC Fight Night: Moicano vs. Saint Denis,2024-09-28
Bolaji Oki,Chris Duncan,-168,142,UFC Fight Night: Moicano vs. Saint Denis,2024-09-28
Ovince St. Preux,Ryan Spann,176,-225,UFC 307: Pereira vs. Rountree Jr.,2024-10-05
Carla Esparza,Tecia Pennington,150,-180,UFC 307: Pereira vs. Rountree Jr.,2024-10-05
Court McGee,Tim Means,168,-200,UFC 307: Pereira vs. Rountree Jr.,2024-10-05
Brandon Royval,Tatsuro Taira,240,-310,UFC Fight Night: Royval vs. Taira,2024-10-12
Brad Tavares,Jun Yong Park,180,-225,UFC Fight Night: Royval vs. Taira,2024-10-12
Chidi Njokuani,Jared Gooden,-150,124,UFC Fight Night: Royval vs. Taira,2024-10-12
Anthony Hernandez,Michel Pereira,-150,123,UFC Fight Night: Hernandez vs. Pereira,2024-10-19
Kyler Phillips,Rob Font,-625,440,UFC Fight Night: Hernandez vs. Pereira,2024-10-19
Charles Johnson,Sumudaerji Sumudaerji,-300,235,UFC Fight Night: Hernandez vs. Pereira,2024-10-19
Cameron Smotherman,Jake Hadley,425,-590,UFC Fight Night: Hernandez vs. Pereira,2024-10-19
Daniel Pineda,Darren Elkins,126,-157,UFC Fight Night: Hernandez vs. Pereira,2024-10-19
Asu Almabayev,Matheus Nicolau,-225,185,UFC Fight Night: Hernandez vs. Pereira,2024-10-19
Brad Katona,Jean Matsumoto,180,-225,UFC Fight Night: Hernandez vs. Pereira,2024-10-19
Brady Hiestand,Jake Hadley,-150,125,UFC Fight Night: Hernandez vs. Pereira,2024-10-19
Joselyne Edwards,Tamires Vidal,-250,205,UFC Fight Night: Hernandez vs. Pereira,2024-10-19
Elise Reed,Jessica Penne,-200,170,UFC Fight Night: Hernandez vs. Pereira,2024-10-19
Alice Ardelean,Melissa Martinez,120,-150,UFC Fight Night: Hernandez vs. Pereira,2024-10-19
Austen Lane,Robelis Despaigne,300,-400,UFC Fight Night: Hernandez vs. Pereira,2024-10-19
Ilia Topuria,Max Holloway,-275,215,UFC 308: Topuria vs. Holloway,2024-10-26
Khamzat Chimaev,Robert Whittaker,-225,188,UFC 308: Topuria vs. Holloway,2024-10-26
Aleksandar Rakir,Magomed Ankalaev,270,-350,UFC 308: Topuria vs. Holloway,2024-10-26
Dan Ige,Lerone Murphy,260,-335,UFC 308: Topuria vs. Holloway,2024-10-26
Armen Petrosyan,Shara Magomedov,145,-175,UFC 308: Topuria vs. Holloway,2024-10-26
Ibo Aslan,Raffael Cerqueira,-105,-115,UFC 308: Topuria vs. Holloway,2024-10-26
Geoff Neal,Rafael Dos Anjos,-260,215,UFC 308: Topuria vs. Holloway,2024-10-26
Mateusz Rebecki,Myktybek Orolbai,220,-275,UFC 308: Topuria vs. Holloway,2024-10-26
Abus Magomedov,Brunno Ferreira,-159,130,UFC 308: Topuria vs. Holloway,2024-10-26
Chris Barnett,Kennedy Nzechukwu,525,-750,UFC 308: Topuria vs. Holloway,2024-10-26
Farid Basharat,Victor Hugo,-720,500,UFC 308: Topuria vs. Holloway,2024-10-26
Bruno Silva,Ismail Naurdiev,142,-175,UFC 308: Topuria vs. Holloway,2024-10-26
Carlos Leal Miranda,Rinat Fakhretdinov,180,-218,UFC 308: Topuria vs. Holloway,2024-10-26
Junior Tafa,Kennedy Nzechukwu,125,-150,UFC 308: Topuria vs. Holloway,2024-10-26
Daniel Santos,Said Nurmagomedov,240,-300,UFC 308: Topuria vs. Holloway,2024-10-26
Amir Albazi,Brandon Moreno,140,-170,UFC Fight Night: Moreno vs. Albazi,2024-11-02
Erin Blanchfield,Rose Namajunas,-155,130,UFC Fight Night: Moreno vs. Albazi,2024-11-02
Brendson Ribeiro,Caio Machado,144,-180,UFC Fight Night: Moreno vs. Albazi,2024-11-02
Ariane da Silva,Jasmine Jasudavicius,188,-240,UFC Fight Night: Moreno vs. Albazi,2024-11-02
Ariane Lipski,Jasmine Jasudavicius,184,-220,UFC Fight Night: Moreno vs. Albazi,2024-11-02
Dustin Stoltzfus,Marc-Andre Barriault,215,-260,UFC Fight Night: Moreno vs. Albazi,2024-11-02
Mike Malott,Trevin Giles,-375,290,UFC Fight Night: Moreno vs. Albazi,2024-11-02
Carlos Prates,Neil Magny,-800,550,UFC Fight Night: Magny vs. Prates,2024-11-09
Gerald Meerschaert,Reinier de Ridder,250,-333,UFC Fight Night: Magny vs. Prates,2024-11-09
Cortavious Romious,Gaston Bolanos,-250,198,UFC Fight Night: Magny vs. Prates,2024-11-09
Gillian Robertson,Luana Pinheiro,-450,350,UFC Fight Night: Magny vs. Prates,2024-11-09
Dusko Todorovic,Mansur Abdul-Malik,370,-485,UFC Fight Night: Magny vs. Prates,2024-11-09
Benardo Sopaj,Ricky Turcios,-166,164,UFC Fight Night: Magny vs. Prates,2024-11-09
Jon Jones,Stipe Miocic,-550,400,UFC 309: Jones vs. Miocic,2024-11-16
Charles Oliveira,Michael Chandler,-250,205,UFC 309: Jones vs. Miocic,2024-11-16
Bo Nickal,Paul Craig,-1200,700,UFC 309: Jones vs. Miocic,2024-11-16
Karine Silva,Viviane Araujo,-295,240,UFC 309: Jones vs. Miocic,2024-11-16
James Llontop,Mauricio Ruffy,640,-1000,UFC 309: Jones vs. Miocic,2024-11-16
Jonathan Martinez,Marcus McGhee,63,-115,UFC 309: Jones vs. Miocic,2024-11-16
Chris Weidman,Eryk Anders,-105,-115,UFC 309: Jones vs. Miocic,2024-11-16
Damon Jackson,Jim Miller,-225,180,UFC 309: Jones vs. Miocic,2024-11-16
David Onama,Roberto Romero,-1350,800,UFC 309: Jones vs. Miocic,2024-11-16
Jhonata Diniz,Marcin Tybura,-115,-105,UFC 309: Jones vs. Miocic,2024-11-16
Mickey Gall,Ramiz Brahimaj,-175,145,UFC 309: Jones vs. Miocic,2024-11-16
Bassil Hafez,Oban Elliott,240,-300,UFC 309: Jones vs. Miocic,2024-11-16
Deiveson Figueiredo,Petr Yan,220,-275,UFC Fight Night: Yan vs. Figueiredo,2024-11-23
Tabatha Ricci,Xiaonan Yan,155,-190,UFC Fight Night: Yan vs. Figueiredo,2024-11-23
Kenan Song,Muslim Salikhov,180,-225,UFC Fight Night: Yan vs. Figueiredo,2024-11-23
Cong Wang,Gabriella Fernandes,-1200,750,UFC Fight Night: Yan vs. Figueiredo,2024-11-23
Gabriella Fernandes,Wang Cong,600,-950,UFC Fight Night: Yan vs. Figueiredo,2024-11-23
Carlos Ulberg,Volkan Oezdemir,-300,225,UFC Fight Night: Yan vs. Figueiredo,2024-11-23
Mingyang Zhang,Ozzy Diaz,-265,205,UFC Fight Night: Yan vs. Figueiredo,2024-11-23
Ozzy Diaz,Zhang Mingyang,200,-250,UFC Fight Night: Yan vs. Figueiredo,2024-11-23
Balgyn Jenisuly,Su Young You,112,-94,UFC Fight Night: Yan vs. Figueiredo,2024-11-23
Baergeng Jieleyisi,Suyoung Yu,187,-228,UFC Fight Night: Yan vs. Figueiredo,2024-11-23
Dong Hoon Choi,Kiru Sahota,-122,102,UFC Fight Night: Yan vs. Figueiredo,2024-11-23
Feng Xiaocan,Shi Ming,-490,380,UFC Fight Night: Yan vs. Figueiredo,2024-11-23
Ming Shi,Xiaocan Feng,410,-560,UFC Fight Night: Yan vs. Figueiredo,2024-11-23
Carlos Hernandez,Nyamjargal Tumendemberel,-127,104,UFC Fight Night: Yan vs. Figueiredo,2024-11-23
Jose Ochoa,Lone'er Kavanagh,260,-350,UFC Fight Night: Yan vs. Figueiredo,2024-11-23
Long Xiao,Quang Le,-160,135,UFC Fight Night: Yan vs. Figueiredo,2024-11-23
Quang Le,Xiao Long,120,-144,UFC Fight Night: Yan vs. Figueiredo,2024-11-23
Maheshate Hayisaer,Nikolas Motta,-225,185,UFC Fight Night: Yan vs. Figueiredo,2024-11-23
Bin Xie,Kangjie Zhu,-120,100,UFC Fight Night: Yan vs. Figueiredo,2024-11-23
Belal Muhammad,Shavkat Rakhmonov,175,-210,UFC 310: Pantoja vs. Asakura,2024-12-07
Nick Diaz,Vicente Luque,450,-650,UFC 310: Pantoja vs. Asakura,2024-12-07
Alexandre Pantoja,Kai Asakura,-205,172,UFC 310: Pantoja vs. Asakura,2024-12-07
Ian Machado Garry,Shavkat Rakhmonov,320,-420,UFC 310: Pantoja vs. Asakura,2024-12-07
Alexander Volkov,Ciryl Gane,270,-350,UFC 310: Pantoja vs. Asakura,2024-12-07
Bryce Mitchell,Kron Gracie,-850,590,UFC 310: Pantoja vs. Asakura,2024-12-07
Dooho Choi,Nate Landwehr,114,-135,UFC 310: Pantoja vs. Asakura,2024-12-07
Anthony Smith,Dominick Reyes,310,-440,UFC 310: Pantoja vs. Asakura,2024-12-07
Themba Gorimbo,Vicente Luque,-164,138,UFC 310: Pantoja vs. Asakura,2024-12-07
Aljamain Sterling,Movsar Evloev,194,-235,UFC 310: Pantoja vs. Asakura,2024-12-07
Bryan Battle,Randy Brown,-190,160,UFC 310: Pantoja vs. Asakura,2024-12-07
Chris Weidman,Eryk Anders,-110,-109,UFC 310: Pantoja vs. Asakura,2024-12-07
Cody Durden,Joshua van,148,-177,UFC 310: Pantoja vs. Asakura,2024-12-07
Max Griffin,Michael Chiesa,120,-144,UFC 310: Pantoja vs. Asakura,2024-12-07
Chase Hooper,Clay Guida,-1200,725,UFC 310: Pantoja vs. Asakura,2024-12-07
Kennedy Nzechukwu,Lukasz Brzeski,-620,450,UFC 310: Pantoja vs. Asakura,2024-12-07
Colby Covington,Joaquin Buckley,172,-210,UFC Fight Night: Covington vs. Buckley,2024-12-14
Billy Quarantillo,Cub Swanson,-184,154,UFC Fight Night: Covington vs. Buckley,2024-12-14
Bruno Silva,Manel Kape,330,-425,UFC Fight Night: Covington vs. Buckley,2024-12-14
Dustin Jacoby,Vitor Petrino,250,-330,UFC Fight Night: Covington vs. Buckley,2024-12-14
Adrian Yanez,Daniel Marcos,198,-250,UFC Fight Night: Covington vs. Buckley,2024-12-14
Navajo Stirling,Tuco Tokkos,-1100,700,UFC Fight Night: Covington vs. Buckley,2024-12-14
Michael Johnson,Ottman Azaitar,-245,200,UFC Fight Night: Covington vs. Buckley,2024-12-14
Drakkar Klose,Joel Alvarez,390,-510,UFC Fight Night: Covington vs. Buckley,2024-12-14
Fernando Padilla,Sean Woodson,130,-160,UFC Fight Night: Covington vs. Buckley,2024-12-14
Felipe Lima,Miles Johns,-265,215,UFC Fight Night: Covington vs. Buckley,2024-12-14
Jamey-Lyn Horth,Miranda Maverick,540,-770,UFC Fight Night: Covington vs. Buckley,2024-12-14
Davey Grant,Ramon Taveras,-107,-110,UFC Fight Night: Covington vs. Buckley,2024-12-14
Josefin Knutsson,Piera Rodriguez,-250,205,UFC Fight Night: Covington vs. Buckley,2024-12-14
Amanda Ribas,Mackenzie Dern,-195,162,UFC Fight Night: Dern vs. Ribas 2,2025-01-11
Carlston Harris,Santiago Ponzinibbio,130,-155,UFC Fight Night: Dern vs. Ribas 2,2025-01-11
Abdul Razak Alhassan,Cesar Almeida,210,-265,UFC Fight Night: Dern vs. Ribas 2,2025-01-11
Chris Curtis,Roman Kopylov,198,-250,UFC Fight Night: Dern vs. Ribas 2,2025-01-11
Austin Bashi,Christian Rodriguez,-270,215,UFC Fight Night: Dern vs. Ribas 2,2025-01-11
Punahele Soriano,Uros Medic,185,-225,UFC Fight Night: Dern vs. Ribas 2,2025-01-11
Benardo Sopaj,Ricky Turcios,-320,250,UFC 311: Makhachev vs. Moicano,2025-01-18
Clayton Carpenter,Tagir Ulanbekov,285,-360,UFC 311: Makhachev vs. Moicano,2025-01-18
Israel Adesanya,Joe Pyfer,-112,-112,UFC Fight Night: Adesanya vs. Imavov,2025-02-01
Dricus Du Plessis,Sean Strickland,-220,175,UFC 312: Du Plessis vs. Strickland 2,2025-02-08
Tatiana Suarez,Zhang Weili,-146,123,UFC 312: Du Plessis vs. Strickland 2,2025-02-08
Justin Tafa,Tallison Teixeira,130,-156,UFC 312: Du Plessis vs. Strickland 2,2025-02-08
Francisco Prado,Jake Matthews,198,-238,UFC 312: Du Plessis vs. Strickland 2,2025-02-08
Jim Crute,Rodolfo Bellato,120,-145,UFC 312: Du Plessis vs. Strickland 2,2025-02-08
Gabriel Santos,Jack Jenkins,-225,180,UFC 312: Du Plessis vs. Strickland 2,2025-02-08
Tom Nolan,Viacheslav Borshchev,-105,-116,UFC 312: Du Plessis vs. Strickland 2,2025-02-08
Bruna Brasil,Cong Wang,250,-335,UFC 312: Du Plessis vs. Strickland 2,2025-02-08
Aleksandre Topuria,Colby Thicknesse,-350,270,UFC 312: Du Plessis vs. Strickland 2,2025-02-08
Kody Steele,Rongzhu,-338,258,UFC 312: Du Plessis vs. Strickland 2,2025-02-08
Jonathan Micallef,Kevin Jousset,170,-210,UFC 312: Du Plessis vs. Strickland 2,2025-02-08
Gregory Rodrigues,Jared Cannonier,-240,197,UFC Fight Night: Cannonier vs. Rodrigues,2025-02-15
Calvin Kattar,Youssef Zalal,350,-460,UFC Fight Night: Cannonier vs. Rodrigues,2025-02-15
Dylan Budka,Edmen Shahbazyan,425,-582,UFC Fight Night: Cannonier vs. Rodrigues,2025-02-15
Ismael Bonfim,Nazim Sadykhov,-228,182,UFC Fight Night: Cannonier vs. Rodrigues,2025-02-15
Andre Petroski,Rodolfo Vieira,222,-280,UFC Fight Night: Cannonier vs. Rodrigues,2025-02-15
Henry Cejudo,Song Yadong,210,-258,UFC Fight Night: Cejudo vs. Song,2025-02-22
Anthony Hernandez,Brendan Allen,-338,268,UFC Fight Night: Cejudo vs. Song,2025-02-22
Jean Matsumoto,Rob Font,-168,138,UFC Fight Night: Cejudo vs. Song,2025-02-22
Jean Silva,Melsik Baghdasaryan,-495,370,UFC Fight Night: Cejudo vs. Song,2025-02-22
Alonzo Menifield,Julius Walker,-220,180,UFC Fight Night: Cejudo vs. Song,2025-02-22
Ibo Aslan,Ion Cutelaba,-202,165,UFC Fight Night: Cejudo vs. Song,2025-02-22
Andre Fili,Melquizael Costa,110,-133,UFC Fight Night: Cejudo vs. Song,2025-02-22
Mansur Abdul-Malik,Nick Klein,-1152,700,UFC Fight Night: Cejudo vs. Song,2025-02-22
Javid Basharat,Ricky Simon,-255,208,UFC Fight Night: Cejudo vs. Song,2025-02-22
Austin Vanderford,Nikolay Veretennikov,-24,-111,UFC Fight Night: Cejudo vs. Song,2025-02-22
Asu Almabaev,Manel Kape,172,-220,UFC Fight Night: Kape vs. Almabayev,2025-03-01
Cody Brundage,Julian Marquez,-119,-102,UFC Fight Night: Kape vs. Almabayev,2025-03-01
Esteban Ribovics,Nasrat Haqparast,-250,205,UFC Fight Night: Kape vs. Almabayev,2025-03-01
Hyder Amil,William Gomis,178,-222,UFC Fight Night: Kape vs. Almabayev,2025-03-01
Danny Barlow,Sam Patterson,-219,180,UFC Fight Night: Kape vs. Almabayev,2025-03-01
Djorden Santos,Ozzy Diaz,-196,162,UFC 313: Pereira vs. Ankalaev,2025-03-08
Daniel Hooker,Justin Gaethje,135,-160,UFC 313: Pereira vs. Ankalaev,2025-03-08
Marvin Vettori,Roman Dolidze,-151,130,UFC Fight Night: Vettori vs. Dolidze 2,2025-03-15
Chidi Njokuani,Elizeu Zaleski Dos Santos,164,-199,UFC Fight Night: Vettori vs. Dolidze 2,2025-03-15
Alexander Hernandez,Kurt Holobaugh,-190,155,UFC Fight Night: Vettori vs. Dolidze 2,2025-03-15
Cody Gibson,Da'mon Blackshear,326,-435,UFC Fight Night: Vettori vs. Dolidze 2,2025-03-15
Leon Edwards,Sean Brady,110,-131,UFC Fight Night: Edwards vs. Brady,2025-03-22
Carlos Ulberg,Jan Blachowicz,-333,265,UFC Fight Night: Edwards vs. Brady,2025-03-22
Gunnar Nelson,Kevin Holland,-132,110,UFC Fight Night: Edwards vs. Brady,2025-03-22
Alexia Thainara,Molly McCann,-215,178,UFC Fight Night: Edwards vs. Brady,2025-03-22
Chris Duncan,Jordan Vucenic,255,-318,UFC Fight Night: Edwards vs. Brady,2025-03-22
Morgan Charriere,Nathaniel Wood,-112,-106,UFC Fight Night: Edwards vs. Brady,2025-03-22
Chris Padilla,Jai Herbert,106,-128,UFC Fight Night: Edwards vs. Brady,2025-03-22
Felipe Dos Santos,Lone'er Kavanagh,205,-252,UFC Fight Night: Edwards vs. Brady,2025-03-22
Marcin Tybura,Mick Parkin,142,-174,UFC Fight Night: Edwards vs. Brady,2025-03-22
Jack Della Maddalena,Leon Edwards,-145,120,UFC Fight Night: Edwards vs. Brady,2025-03-22
Andrey Pulyaev,Christian Leroy Duncan,330,-422,UFC Fight Night: Edwards vs. Brady,2025-03-22
Puja Tomar,Shauna Bannon,166,-205,UFC Fight Night: Edwards vs. Brady,2025-03-22
Caolan Loughran,Nathan Fletcher,125,-152,UFC Fight Night: Edwards vs. Brady,2025-03-22
Guram Kutateladze,Kaua Fernandes,-378,298,UFC Fight Night: Edwards vs. Brady,2025-03-22
Brandon Moreno,Steve Erceg,-258,208,UFC Fight Night: Moreno vs. Erceg,2025-03-29
Drew Dober,Manuel Torres,102,-124,UFC Fight Night: Moreno vs. Erceg,2025-03-29
Joe Pfyer,Kelvin Gastelum,-270,220,UFC Fight Night: Moreno vs. Erceg,2025-03-29
Cj Vergara,Edgar Chairez,218,-275,UFC Fight Night: Moreno vs. Erceg,2025-03-29
Raul Rosas Jr,Vince Morales,-490,360,UFC Fight Night: Moreno vs. Erceg,2025-03-29
Josh Emmett,Lerone Murphy,255,-326,UFC Fight Night: Emmett vs. Murphy,2025-04-05
Joanderson Brito,Pat Sabatini,-212,174,UFC Fight Night: Emmett vs. Murphy,2025-04-05
Chang Ho Lee,Cortavious Romious,-151,124,UFC Fight Night: Emmett vs. Murphy,2025-04-05
Brad Tavares,Gerald Meerschaert,-166,140,UFC Fight Night: Emmett vs. Murphy,2025-04-05
Luis Gurule,Ode Osbourne,-250,202,UFC Fight Night: Emmett vs. Murphy,2025-04-05
Robert Valentin Frey,Torrez Finney,252,-334,UFC Fight Night: Emmett vs. Murphy,2025-04-05
Diana Belbita,Dione Barbosa,675,-1050,UFC Fight Night: Emmett vs. Murphy,2025-04-05
Daniel Frunza,Rhys McKee,-120,84,UFC Fight Night: Emmett vs. Murphy,2025-04-05
Diego Lopes,Jean Silva,195,-250,UFC 314: Volkanovski vs. Lopes,2025-04-12
David Martinez,Rob Font,100,-124,UFC 314: Volkanovski vs. Lopes,2025-04-12
Carlos Prates,Jack Della Maddalena,-102,-125,UFC Fight Night: Machado Garry vs. Prates,2025-04-26
Cory Sandhagen,Deiveson Figueiredo,-500,370,UFC Fight Night: Sandhagen vs. Figueiredo,2025-05-03
Bo Nickal,Reinier de Ridder,-372,290,UFC Fight Night: Sandhagen vs. Figueiredo,2025-05-03
Daniel Rodriguez,Santiago Ponzinibbio,118,-144,UFC Fight Night: Sandhagen vs. Figueiredo,2025-05-03
Daniel Marcos,Montel Jackson,198,-244,UFC Fight Night: Sandhagen vs. Figueiredo,2025-05-03
Cameron Smotherman,Serhiy Sidey,118,-139,UFC Fight Night: Sandhagen vs. Figueiredo,2025-05-03
Jeremy Stephens,Mason Jones,460,-635,UFC Fight Night: Sandhagen vs. Figueiredo,2025-05-03
Miesha Tate,Yana Santos,-154,126,UFC Fight Night: Sandhagen vs. Figueiredo,2025-05-03
Azamat Bekoev,Ryan Loder,-348,275,UFC Fight Night: Sandhagen vs. Figueiredo,2025-05-03
Gillian Robertson,Marina Rodriguez,-254,202,UFC Fight Night: Sandhagen vs. Figueiredo,2025-05-03
Gaston Bolanos,Quang Le,-130,106,UFC Fight Night: Sandhagen vs. Figueiredo,2025-05-03
Bruno Silva,Marc Andre Barriault,134,-164,UFC 315: Muhammad vs. Della Maddalena,2025-05-10
Daniel Santos,Jeong Yeong Lee,114,-134,UFC 315: Muhammad vs. Della Maddalena,2025-05-10
Bekzat Almakhan,Brad Katona,-144,121,UFC 315: Muhammad vs. Della Maddalena,2025-05-10
Gilbert Burns,Michael Morales,370,-482,UFC Fight Night: Burns vs. Morales,2025-05-17
Paul Craig,Rodolfo Bellato,310,-398,UFC Fight Night: Burns vs. Morales,2025-05-17
Mairon Santos,Sodiq Yusuff,-155,130,UFC Fight Night: Burns vs. Morales,2025-05-17
Erin Blanchfield,Maycee Barber,-248,200,UFC Fight Night: Blanchfield vs. Barber,2025-05-31
Ludovit Klein,Mateusz Gamrot,130,-158,UFC Fight Night: Blanchfield vs. Barber,2025-05-31
Billy Ray Goff,Ramiz Brahimaj,-402,310,UFC Fight Night: Blanchfield vs. Barber,2025-05-31
Bruno Lopes,Dustin Jacoby,158,-190,UFC Fight Night: Blanchfield vs. Barber,2025-05-31
Ketlen Vieira,Macy Chiasson,121,-144,UFC Fight Night: Blanchfield vs. Barber,2025-05-31
Dusko Todorovic,Zach Reese,176,-220,UFC Fight Night: Blanchfield vs. Barber,2025-05-31
Allan Nascimento,Jafel Filho,-120,100,UFC Fight Night: Blanchfield vs. Barber,2025-05-31
Ariane da Silva,Wang Cong,388,-538,UFC 316: Dvalishvili vs. O'Malley 2,2025-06-07
Ariane Lipski,Cong Wang,420,-590,UFC 316: Dvalishvili vs. O'Malley 2,2025-06-07
Jeka Saragih,Joo Sang Yoo,410,-554,UFC 316: Dvalishvili vs. O'Malley 2,2025-06-07
Quillan Salkilld,Yanal Ashmouz,-420,320,UFC 316: Dvalishvili vs. O'Malley 2,2025-06-07
Mark Choinski,Marquel Mederos,130,-154,UFC 316: Dvalishvili vs. O'Malley 2,2025-06-07
Joaquin Buckley,Kamaru Usman,-222,178,UFC Fight Night: Usman vs. Buckley,2025-06-14
Miranda Maverick,Rose Namajunas,200,-250,UFC Fight Night: Usman vs. Buckley,2025-06-14
Andre Petroski,Edmen Shahbazyan,132,-163,UFC Fight Night: Usman vs. Buckley,2025-06-14
Cody Garbrandt,Raoni Barcelos,205,-258,UFC Fight Night: Usman vs. Buckley,2025-06-14
Cody Brundage,Mansur Abdul-Malik,645,-975,UFC Fight Night: Usman vs. Buckley,2025-06-14
Alonzo Menifield,Oumar Sy,482,-685,UFC Fight Night: Usman vs. Buckley,2025-06-14
Paul Craig,Rodolfo Bellato,268,-342,UFC Fight Night: Usman vs. Buckley,2025-06-14
Court McGee,Michael Chiesa,260,-332,UFC Fight Night: Usman vs. Buckley,2025-06-14
Kris Moutinho,Malcolm Wellmaker,925,-1734,UFC Fight Night: Usman vs. Buckley,2025-06-14
Cody Durden,Jose Ochoa,171,-205,UFC Fight Night: Usman vs. Buckley,2025-06-14
Cameron Smotherman,Ricky Simon,342,-452,UFC Fight Night: Usman vs. Buckley,2025-06-14
Jamahal Hill,Khalil Rountree,-114,-2,UFC Fight Night: Hill vs. Rountree Jr.,2025-06-21
Ignacio Bahamondes,Rafael Fiziev,-142,118,UFC Fight Night: Hill vs. Rountree Jr.,2025-06-21
Curtis Blaydes,Rizvan Kuniev,-250,199,UFC Fight Night: Hill vs. Rountree Jr.,2025-06-21
Myktybek Orolbai,Tofiq Musayev,-166,140,UFC Fight Night: Hill vs. Rountree Jr.,2025-06-21
Nazim Sadykhov,Nikolas Motta,-438,332,UFC Fight Night: Hill vs. Rountree Jr.,2025-06-21
Bogdan Grad,Muhammad Naimov,205,-255,UFC Fight Night: Hill vs. Rountree Jr.,2025-06-21
Oban Elliott,Seokhyeon Ko,-480,355,UFC Fight Night: Hill vs. Rountree Jr.,2025-06-21
Ismail Naurdiev,Jun Yong Park,150,-184,UFC Fight Night: Hill vs. Rountree Jr.,2025-06-21
Daria Zhelezniakova,Melissa Mullins,202,-258,UFC Fight Night: Hill vs. Rountree Jr.,2025-06-21
Irina Alekseeva,Klaudia Sygula,-272,210,UFC Fight Night: Hill vs. Rountree Jr.,2025-06-21
Azat Maksum,Tagir Ulanbekov,340,-490,UFC Fight Night: Hill vs. Rountree Jr.,2025-06-21
Hamdy Abdelwahab,Mohammed Usman,-166,136,UFC Fight Night: Hill vs. Rountree Jr.,2025-06-21
Charles Oliveira,Ilia Topuria,305,-400,UFC 317: Topuria vs. Oliveira,2025-06-28
Alexandre Pantoja,Kai Kara-France,-250,202,UFC 317: Topuria vs. Oliveira,2025-06-28
Felipe Lima,Payton Talbott,-174,133,UFC 317: Topuria vs. Oliveira,2025-06-28
Beneil Dariush,Renato Moicano,-108,-112,UFC 317: Topuria vs. Oliveira,2025-06-28
Brandon Royval,Joshua van,101,-122,UFC 317: Topuria vs. Oliveira,2025-06-28
Hyder Amil,Jose Delgado,110,-130,UFC 317: Topuria vs. Oliveira,2025-06-28
Gregory Rodrigues,Jack Hermansson,-210,168,UFC 317: Topuria vs. Oliveira,2025-06-28
Terrance McKinney,Viacheslav Borshchev,-167,133,UFC 317: Topuria vs. Oliveira,2025-06-28
Tracy Cortez,Viviane Araujo,-218,176,UFC 317: Topuria vs. Oliveira,2025-06-28
Derrick Lewis,Tallison Teixeira,200,-255,UFC Fight Night: Lewis vs. Teixeira,2025-07-12
Gabriel Bonfim,Stephen Thompson,-425,305,UFC Fight Night: Lewis vs. Teixeira,2025-07-12
Calvin Kattar,Steve Garcia,116,-146,UFC Fight Night: Lewis vs. Teixeira,2025-07-12
Morgan Charriere,Nate Landwehr,-255,198,UFC Fight Night: Lewis vs. Teixeira,2025-07-12
Austen Lane,Vitor Petrino,455,-650,UFC Fight Night: Lewis vs. Teixeira,2025-07-12
Junior Tafa,Tuco Tokkos,-178,138,UFC Fight Night: Lewis vs. Teixeira,2025-07-12
Dustin Poirier,Max Holloway,-106,-114,UFC 318: Holloway vs. Poirier 3,2025-07-19
Adam Fugitt,Islam Dulatov,350,-549,UFC 318: Holloway vs. Poirier 3,2025-07-19
Brendan Allen,Marvin Vettori,-265,200,UFC 318: Holloway vs. Poirier 3,2025-07-19
Gunnar Nelson,Neil Magny,-335,240,UFC 318: Holloway vs. Poirier 3,2025-07-19
Reinier de Ridder,Robert Whittaker,123,-152,UFC Fight Night: Whittaker vs. De Ridder,2025-07-26
Marcus McGhee,Petr Yan,288,-378,UFC Fight Night: Whittaker vs. De Ridder,2025-07-26
Marc-Andre Barriault,Sharabutdin Magomedov,470,-660,UFC Fight Night: Whittaker vs. De Ridder,2025-07-26
Asu Almabaev,Jose Ochoa,-112,-108,UFC Fight Night: Whittaker vs. De Ridder,2025-07-26
Bogdan Guskov,Nikita Krylov,161,-198,UFC Fight Night: Whittaker vs. De Ridder,2025-07-26
Bryce Mitchell,Said Nurmagomedov,-143,114,UFC Fight Night: Whittaker vs. De Ridder,2025-07-26
Carlos Leal Miranda,Muslim Salikhov,-515,370,UFC Fight Night: Whittaker vs. De Ridder,2025-07-26
Da'mon Blackshear,Davey Grant,-366,275,UFC Fight Night: Whittaker vs. De Ridder,2025-07-26
Amanda Ribas,Tabatha Ricci,-179,150,UFC Fight Night: Whittaker vs. De Ridder,2025-07-26
Billy Elekana,Ibo Aslan,222,-284,UFC Fight Night: Whittaker vs. De Ridder,2025-07-26
Mohammad Yahya,Steven Nguyen,265,-348,UFC Fight Night: Whittaker vs. De Ridder,2025-07-26
Marcus Buchecha,Martin Buday,-262,212,UFC Fight Night: Whittaker vs. De Ridder,2025-07-26
Hyun Sung Park,Tatsuro Taira,260,-335,UFC Fight Night: Taira vs. Park,2025-08-02
Chris Duncan,Mateusz Rebecki,200,-250,UFC Fight Night: Taira vs. Park,2025-08-02
Elves Brener,Esteban Ribovics,200,-250,UFC Fight Night: Taira vs. Park,2025-08-02
Karol Rosa,Nora Cornolle,-155,125,UFC Fight Night: Taira vs. Park,2025-08-02
Elizeu Zaleski,Neil Magny,-150,125,UFC Fight Night: Taira vs. Park,2025-08-02
Danny Silva,Kevin Vallejos,300,-400,UFC Fight Night: Taira vs. Park,2025-08-02
Andrey Pulyaev,Nick Klein,-126,105,UFC Fight Night: Taira vs. Park,2025-08-02
Austin Bashi,John Yannis,-910,600,UFC Fight Night: Taira vs. Park,2025-08-02
Felipe Bunes,Rafael Estevam,480,-670,UFC Fight Night: Taira vs. Park,2025-08-02
Ketlen Souza,Piera Rodriguez,200,-250,UFC Fight Night: Taira vs. Park,2025-08-02
Amir Albazi,Tatsuro Taira,220,-275,UFC Fight Night: Taira vs. Park,2025-08-02
Anthony Hernandez,Roman Dolideze,-350,265,UFC Fight Night: Dolidze vs. Hernandez,2025-08-09
Ode Osbourne,Steve Erceg,400,-590,UFC Fight Night: Dolidze vs. Hernandez,2025-08-09
Angela Hill,Iasmin Lucindo,148,-186,UFC Fight Night: Dolidze vs. Hernandez,2025-08-09
Andre Fili,Christian Rodriguez,200,-250,UFC Fight Night: Dolidze vs. Hernandez,2025-08-09
Jean Matsumoto,Miles Johns,-250,200,UFC Fight Night: Dolidze vs. Hernandez,2025-08-09
Christian Leroy Duncan,Eryk Anders,-500,380,UFC Fight Night: Dolidze vs. Hernandez,2025-08-09
Julius Walker,Raffael Cerqueira,-715,500,UFC Fight Night: Dolidze vs. Hernandez,2025-08-09
Elijah Smith,Toshiomi Kazama,-820,550,UFC Fight Night: Dolidze vs. Hernandez,2025-08-09
Joselyne Edwards,Priscila Cachoeira,-420,310,UFC Fight Night: Dolidze vs. Hernandez,2025-08-09
Gilbert Urbina,Uros Medic,260,-335,UFC Fight Night: Dolidze vs. Hernandez,2025-08-09
Gabriella Fernandes,Julija Stoliarenko,-450,335,UFC Fight Night: Dolidze vs. Hernandez,2025-08-09
Cody Brundage,Eric McConico,-225,175,UFC Fight Night: Dolidze vs. Hernandez,2025-08-09
Drakkar Klose,Edson Barboza,-104,-115,UFC 319: Du Plessis vs. Chimaev,2025-08-16
Dione Barbosa,Karine Silva,170,-200,UFC 319: Du Plessis vs. Chimaev,2025-08-16
Alibi Idiris,Joseph Morales,-500,370,UFC 319: Du Plessis vs. Chimaev,2025-08-16
Bruna Brasil,Ming Shi,-400,295,UFC - Road to UFC 4.6,2025-08-22
Nyamjargal Tumendemberel,Terrance Saeteurn,-108,-114,UFC - Road to UFC 4.6,2025-08-22
Ren Yawei,Sangwook Kim,-2,-130,UFC - Road to UFC 4.6,2025-08-22
Johnny Walker,Zhang Mingyang,280,-375,UFC Fight Night: Walker vs. Zhang,2025-08-23
Aljamain Stirling,Brian Ortega,-525,380,UFC Fight Night: Walker vs. Zhang,2025-08-23
Sergei Pavlovich,Waldo Cortes-Acosta,-260,210,UFC Fight Night: Walker vs. Zhang,2025-08-23
Kevin Borjas,Sumudaerji Sumudaerji,140,-175,UFC Fight Night: Walker vs. Zhang,2025-08-23
Kiefer Crosbie,Taiyilake Nueraji,390,-550,UFC Fight Night: Walker vs. Zhang,2025-08-23
Gauge Young,Maheshate,-150,123,UFC Fight Night: Walker vs. Zhang,2025-08-23
Charles Johnson,Lone'er Kavanagh,205,-265,UFC Fight Night: Walker vs. Zhang,2025-08-23
Austin Hubbard,Rongzhu,220,-286,UFC Fight Night: Walker vs. Zhang,2025-08-23
Kyle Daukaus,Michel Pereira,200,-250,UFC Fight Night: Walker vs. Zhang,2025-08-23
Westin Wilson,Yizha,650,-1000,UFC Fight Night: Walker vs. Zhang,2025-08-23
Long Xiao,Su Young You,107,-134,UFC Fight Night: Walker vs. Zhang,2025-08-23
Suyoung You,Xiao Long,-136,115,UFC Fight Night: Walker vs. Zhang,2025-08-23
Diyar Nurgozhay,Uran Satybaldiev,-116,-105,UFC Fight Night: Walker vs. Zhang,2025-08-23
Caio Borralho,Nassourdine Imavov,-135,114,UFC Fight Night: Imavov vs. Borralho,2025-09-06
Benoit Saint-Denis,Mauricio Ruffy,146,-174,UFC Fight Night: Imavov vs. Borralho,2025-09-06
Modestas Bukauskas,Paul Craig,-345,265,UFC Fight Night: Imavov vs. Borralho,2025-09-06
Bolaji Oki,Mason Jones,118,-148,UFC Fight Night: Imavov vs. Borralho,2025-09-06
Axel Sola,Rhys McKee,-140,114,UFC Fight Night: Imavov vs. Borralho,2025-09-06
Robert Ruchala,William Gomis,225,-295,UFC Fight Night: Imavov vs. Borralho,2025-09-06
Brendson Ribeiro,Oumar Sy,450,-625,UFC Fight Night: Imavov vs. Borralho,2025-09-06
Ante Delija,Marcin Tybura,57,-118,UFC Fight Night: Imavov vs. Borralho,2025-09-06
Harry Hardwick,Kaue Fernandes,185,-235,UFC Fight Night: Imavov vs. Borralho,2025-09-06
Sam Patterson,Trey Waters,-190,150,UFC Fight Night: Imavov vs. Borralho,2025-09-06
Brad Tavares,Robert Bryczek,-220,175,UFC Fight Night: Imavov vs. Borralho,2025-09-06
Andreas Gustafsson,Rinat Fakhretdinov,-130,110,UFC Fight Night: Imavov vs. Borralho,2025-09-06
Sam Hughes,Shauna Bannon,-275,210,UFC Fight Night: Imavov vs. Borralho,2025-09-06
Fares Ziam,Kaue Fernandes,-350,275,UFC Fight Night: Imavov vs. Borralho,2025-09-06
Diego Lopes,Jean Silva,195,-250,UFC Fight Night: Lopes vs. Silva,2025-09-13
David Martinez,Rob Font,100,-124,UFC Fight Night: Lopes vs. Silva,2025-09-13
Carlos Ulberg,Dominick Reyes,-250,200,UFC Fight Night: Ulberg vs. Reyes,2025-09-27
Ivan Erslan,Jimmy Crute,188,-235,UFC Fight Night: Ulberg vs. Reyes,2025-09-27
Jack Jenkins,Ramon Taveras,-300,240,UFC Fight Night: Ulberg vs. Reyes,2025-09-27
Jake Matthews,Neil Magny,-350,260,UFC Fight Night: Ulberg vs. Reyes,2025-09-27
Charlie Campbell,Tom Nolan,135,-160,UFC Fight Night: Ulberg vs. Reyes,2025-09-27
Navajo Stirling,Rodolfo Bellato,-278,215,UFC Fight Night: Ulberg vs. Reyes,2025-09-27
Andre Petroski,Cam Rowston,-190,150,UFC Fight Night: Ulberg vs. Reyes,2025-09-27
Jonathan Micallef,Oban Elliott,105,-125,UFC Fight Night: Ulberg vs. Reyes,2025-09-27
Jamie Mullarkey,Rolando Bedoya,-125,100,UFC Fight Night: Ulberg vs. Reyes,2025-09-27
Colby Thicknesse,Josias Musasa,143,-180,UFC Fight Night: Ulberg vs. Reyes,2025-09-27
Luana Carolina,Michelle Montague,175,-220,UFC Fight Night: Ulberg vs. Reyes,2025-09-27
Alex Pereira,Magomed Ankalaev,200,-250,UFC 320: Ankalaev vs. Pereira 2,2025-10-04
Cory Sandhagen,Merab Dvalishvili,300,-400,UFC 320: Ankalaev vs. Pereira 2,2025-10-04
Jiri Prochazka,Khalil Rountree Jr.,-200,155,UFC 320: Ankalaev vs. Pereira 2,2025-10-04
Josh Emmett,Youssef Zalal,340,-440,UFC 320: Ankalaev vs. Pereira 2,2025-10-04
Abus Magomedov,Joe Pfyer,180,-220,UFC 320: Ankalaev vs. Pereira 2,2025-10-04
Ateba Gautier,Ozzy Diaz,-1000,650,UFC 320: Ankalaev vs. Pereira 2,2025-10-04
Ateba Gautier,Treston Vines,-1430,900,UFC 320: Ankalaev vs. Pereira 2,2025-10-04
Daniel Santos,Joosang Yoo,-137,114,UFC 320: Ankalaev vs. Pereira 2,2025-10-04
Jakub Wiklacz,Patchy Mix,255,-335,UFC 320: Ankalaev vs. Pereira 2,2025-10-04
Andre Muniz,Edmen Shahbazyan,250,-320,UFC 320: Ankalaev vs. Pereira 2,2025-10-04
Charles Oliveira,Mateusz Gamrot,-110,-110,UFC Fight Night: Oliveira vs. Gamrot,2025-10-11
Deiveson Figueiredo,Montel Jackson,255,-335,UFC Fight Night: Oliveira vs. Gamrot,2025-10-11
Joel Alvarez,Vicente Luque,-550,400,UFC Fight Night: Oliveira vs. Gamrot,2025-10-11
Brendan Allen,Reinier de Ridder,175,-220,UFC Fight Night: De Ridder vs. Allen,2025-10-18
Kevin Holland,Mike Malott,-110,-109,UFC Fight Night: De Ridder vs. Allen,2025-10-18
Aiemann Zahabi,Marlon Vera,-136,110,UFC Fight Night: De Ridder vs. Allen,2025-10-18
Jasmine Jasudavicius,Manon Fiorot,180,-230,UFC Fight Night: De Ridder vs. Allen,2025-10-18
Charles Jourdain,Davey Grant,-180,143,UFC Fight Night: De Ridder vs. Allen,2025-10-18
Kyle Nelson,Matt Frevola,-118,-105,UFC Fight Night: De Ridder vs. Allen,2025-10-18
Drew Dober,Kyle Prepolec,-330,265,UFC Fight Night: De Ridder vs. Allen,2025-10-18
Aoriqileng,Cody Gibson,160,-190,UFC Fight Night: De Ridder vs. Allen,2025-10-18
Cody Gibson,Qileng Aori,-182,145,UFC Fight Night: De Ridder vs. Allen,2025-10-18
Bruno Silva,Hyunsung Park,180,-225,UFC Fight Night: De Ridder vs. Allen,2025-10-18
Danny Barlow,Djorden Santos,-250,205,UFC Fight Night: De Ridder vs. Allen,2025-10-18
Ravena Oliveira,Stephanie Luciano,240,-300,UFC Fight Night: De Ridder vs. Allen,2025-10-18
Azamat Bekoev,Yousri Belgaroui,-300,240,UFC Fight Night: De Ridder vs. Allen,2025-10-18
Melissa Croden,Tainara Lisboa,-132,108,UFC Fight Night: De Ridder vs. Allen,2025-10-18
Ciryl Gane,Tom Aspinall,310,-385,UFC 321: Aspinall vs. Gane,2025-10-25
Mackenzie Dern,Virna Jandiroba,-145,120,UFC 321: Aspinall vs. Gane,2025-10-25
Mario Bautista,Umar Nurmagomedov,450,-620,UFC 321: Aspinall vs. Gane,2025-10-25
Alexander Volkov,Jailton Almeida,150,-190,UFC 321: Aspinall vs. Gane,2025-10-25
Aleksandar Rakic,Azamat Murzakanov,-118,100,UFC 321: Aspinall vs. Gane,2025-10-25
Nasrat Haqparast,Quillan Salkilld,102,-127,UFC 321: Aspinall vs. Gane,2025-10-25
Ikram Aliskerov,Junyong Park,-225,175,UFC 321: Aspinall vs. Gane,2025-10-25
Ludovit Klein,Mateusz Rebecki,-148,120,UFC 321: Aspinall vs. Gane,2025-10-25
Louie Sutherland,Valter Walker,295,-385,UFC 321: Aspinall vs. Gane,2025-10-25
Jose Delgado,Nathaniel Wood,-157,125,UFC 321: Aspinall vs. Gane,2025-10-25
Chris Barnett,Hamdy Abdelwahab,340,-450,UFC 321: Aspinall vs. Gane,2025-10-25
Azat Maksum,Mitch Raposo,-500,380,UFC 321: Aspinall vs. Gane,2025-10-25
Jaqueline Amorim,Mizuki Inoue,-450,330,UFC 321: Aspinall vs. Gane,2025-10-25
David Onama,Steve Garcia,110,-136,UFC Fight Night: Garcia vs. Onama,2025-11-01
Ante Delija,Waldo Cortes-Acosta,-132,107,UFC Fight Night: Garcia vs. Onama,2025-11-01
Jeremiah Wells,Themba Gorimbo,114,-141,UFC Fight Night: Garcia vs. Onama,2025-11-01
Isaac Dulgarian,Yadier Del Valle,-147,115,UFC Fight Night: Garcia vs. Onama,2025-11-01
Charles Radtke,Daniel Frunza,-180,143,UFC Fight Night: Garcia vs. Onama,2025-11-01
Allan Nascimento,Cody Durden,-333,250,UFC Fight Night: Garcia vs. Onama,2025-11-01
Billy Elekana,Kevin Christian,-275,210,UFC Fight Night: Garcia vs. Onama,2025-11-01
Chang Ho Lee,Timmy Cuamba,-108,-110,UFC Fight Night: Garcia vs. Onama,2025-11-01
Donte Johnson,Sedriques Dumas,-375,280,UFC Fight Night: Garcia vs. Onama,2025-11-01
Ketlen Vieira,Norma Dumont,132,-163,UFC Fight Night: Garcia vs. Onama,2025-11-01
Alice Ardelean,Montserrat Ruiz,-370,290,UFC Fight Night: Garcia vs. Onama,2025-11-01
Phil Rowe,Seokhyeon Ko,150,-182,UFC Fight Night: Garcia vs. Onama,2025-11-01
Ariane Carnelossi,Talita Alencar,170,-210,UFC Fight Night: Garcia vs. Onama,2025-11-01
Gabriel Bonfim,Randy Brown,-165,135,UFC Fight Night: Bonfim vs. Brown,2025-11-08
Joseph Morales,Matt Schnell,-450,333,UFC Fight Night: Bonfim vs. Brown,2025-11-08
Muslim Salikhov,Uros Medic,108,-135,UFC Fight Night: Bonfim vs. Brown,2025-11-08
Chris Padilla,Ismael Bonfim,-118,100,UFC Fight Night: Bonfim vs. Brown,2025-11-08
Christian Leroy Duncan,Marco Tulio,135,-166,UFC Fight Night: Bonfim vs. Brown,2025-11-08
Islam Makhachev,Jack Della Maddalena,-305,240,UFC 322: Della Maddalena vs. Makhachev,2025-11-15
Valentina Shevchenko,Zhang Weili,-145,118,UFC 322: Della Maddalena vs. Makhachev,2025-11-15
Michael Morales,Sean Brady,120,-150,UFC 322: Della Maddalena vs. Makhachev,2025-11-15
Carlos Prates,Leon Edwards,-163,135,UFC 322: Della Maddalena vs. Makhachev,2025-11-15
Beneil Dariush,Benoit Saint-Denis,155,-200,UFC 322: Della Maddalena vs. Makhachev,2025-11-15
Bo Nickal,Rodolfo Vieira,-250,195,UFC 322: Della Maddalena vs. Makhachev,2025-11-15
Gregory Rodrigues,Roman Kopylov,-189,150,UFC 322: Della Maddalena vs. Makhachev,2025-11-15
Erin Blanchfield,Tracy Cortez,-330,265,UFC 322: Della Maddalena vs. Makhachev,2025-11-15
Ethyn Ewing,Malcolm Wellmaker,320,-435,UFC 322: Della Maddalena vs. Makhachev,2025-11-15
Gerald Meerschaert,Kyle Daukaus,380,-500,UFC 322: Della Maddalena vs. Makhachev,2025-11-15
Chepe Mariscal,Pat Sabbatini,-103,-120,UFC 322: Della Maddalena vs. Makhachev,2025-11-15
Angela Hill,Fatima Kline,370,-500,UFC 322: Della Maddalena vs. Makhachev,2025-11-15
Arman Tsarukyan,Dan Hooker,-770,550,UFC Fight Night: Tsarukyan vs. Hooker,2025-11-22
Belal Muhammad,Ian Machado Garry,225,-295,UFC Fight Night: Tsarukyan vs. Hooker,2025-11-22
Alonzo Menifield,Volkan Oezdemir,188,-230,UFC Fight Night: Tsarukyan vs. Hooker,2025-11-22
Jack Hermansson,Myktybek Orolbai,160,-200,UFC Fight Night: Tsarukyan vs. Hooker,2025-11-22
Shamil Gaziev,Waldo Cortes-Acosta,120,-150,UFC Fight Night: Tsarukyan vs. Hooker,2025-11-22
Kyoji Horiguchi,Tagir Ulanbekov,185,-230,UFC Fight Night: Tsarukyan vs. Hooker,2025-11-22
Bogdan Grad,Luke Riley,205,-250,UFC Fight Night: Tsarukyan vs. Hooker,2025-11-22
Nicolas Dalby,Saygid Izagakhmaev,270,-350,UFC Fight Night: Tsarukyan vs. Hooker,2025-11-22
Alex Perez,Asu Almabayev,163,-200,UFC Fight Night: Tsarukyan vs. Hooker,2025-11-22
Abdulrakhman Yakhyaev,Rafael Cerqueira,-1667,950,UFC Fight Night: Tsarukyan vs. Hooker,2025-11-22
Nurullo Aliev,Shem Rock,-305,235,UFC Fight Night: Tsarukyan vs. Hooker,2025-11-22
Aleksandre Topuria,Bekzat Almakhan,-150,123,UFC Fight Night: Tsarukyan vs. Hooker,2025-11-22
Ismail Naurdiev,Ryan Loder,-125,106,UFC Fight Night: Tsarukyan vs. Hooker,2025-11-22
Denzel Freeman,Marek Bujlo,-225,175,UFC Fight Night: Tsarukyan vs. Hooker,2025-11-22
Antonio Trocoli,Mansur Abdul-Malik,800,-1408,UFC 323: Dvalishvili vs. Yan 2,2025-12-06
Mairon Santos,Muhammad Naimov,-245,195,UFC 323: Dvalishvili vs. Yan 2,2025-12-06
Brandon Royval,Manel Kape,210,-275,UFC Fight Night: Royval vs. Kape,2025-12-13
Giga Chikadze,Kevin Vallejos,265,-345,UFC Fight Night: Royval vs. Kape,2025-12-13
Cesar Almeida,Cezary Oleksiejczuk,175,-220,UFC Fight Night: Royval vs. Kape,2025-12-13
Melquizael Costa,Morgan Charriere,-160,130,UFC Fight Night: Royval vs. Kape,2025-12-13
Kennedy Nzechukwu,Marcus Buchecha,-126,106,UFC Fight Night: Royval vs. Kape,2025-12-13
Bobby Green,Lance Gibson Jr,-178,150,UFC Fight Night: Royval vs. Kape,2025-12-13
Amanda Lemos,Gillian Robertson,163,-200,UFC Fight Night: Royval vs. Kape,2025-12-13
Neil Magny,Yaroslav Amosov,370,-500,UFC Fight Night: Royval vs. Kape,2025-12-13
Isaac Thomson,Joanderson Brito,188,-240,UFC Fight Night: Royval vs. Kape,2025-12-13
Sean Sharaf,Steven Asplund,180,-225,UFC Fight Night: Royval vs. Kape,2025-12-13
Luana Santos,Melissa Croden,-137,110,UFC Fight Night: Royval vs. Kape,2025-12-13
Allen Frye,Guilherme Pat,140,-177,UFC Fight Night: Royval vs. Kape,2025-12-13
Jamey-Lyn Horth,Tereza Bleda,165,-210,UFC Fight Night: Royval vs. Kape,2025-12-13
Denzel Freeman,Josh Hokit,205,-265,UFC 324: Gaethje vs. Pimblett,2026-01-24
Alexander Hernandez,Michael Johnson,-110,-106,UFC 324: Gaethje vs. Pimblett,2026-01-24
Adam Fugitt,Ty Miller,360,-480,UFC 324: Gaethje vs. Pimblett,2026-01-24
Alexander Volkanovski,Diego Lopes,-150,125,UFC 325: Volkanovski vs. Lopes 2,2026-01-31
Benoit Saint Denis,Dan Hooker,-400,300,UFC 325: Volkanovski vs. Lopes 2,2026-01-31
Mauricio Ruffy,Rafael Fiziev,102,-125,UFC 325: Volkanovski vs. Lopes 2,2026-01-31
Tai Tuivasa,Tallison Teixeira,245,-315,UFC 325: Volkanovski vs. Lopes 2,2026-01-31
Jamie Mullarkey,Quillan Salkilld,600,-910,UFC 325: Volkanovski vs. Lopes 2,2026-01-31
Billy Elekana,Junior Tafa,-270,210,UFC 325: Volkanovski vs. Lopes 2,2026-01-31
Cam Rowston,Cody Brundage,-360,280,UFC 325: Volkanovski vs. Lopes 2,2026-01-31
Jacob Malkoun,Torrez Finney,-142,118,UFC 325: Volkanovski vs. Lopes 2,2026-01-31
Jonathan Micallef,Oban Elliott,-126,106,UFC 325: Volkanovski vs. Lopes 2,2026-01-31
Kaan Ofli,Yizha,195,-250,UFC 325: Volkanovski vs. Lopes 2,2026-01-31
Dom Mar Fan,Kim Sang Wook,-165,132,UFC 325: Volkanovski vs. Lopes 2,2026-01-31
Keiichiro Nakamura,Sebastian Szalay,102,-125,UFC 325: Volkanovski vs. Lopes 2,2026-01-31
Lawrence Lui,Sulangrangbo,215,-278,UFC 325: Volkanovski vs. Lopes 2,2026-01-31
Mario Bautista,Vinicius Oliveira,-142,116,UFC Fight Night: Bautista vs. Oliveira,2026-02-07
Amir Albazi,Kyoji Horiguchi,278,-368,UFC Fight Night: Bautista vs. Oliveira,2026-02-07
Jailton Almeida,Rizvan Kuniev,-176,140,UFC Fight Night: Bautista vs. Oliveira,2026-02-07
Marc-Andre Barriault,Michal Oleksiejczluk,370,-500,UFC Fight Night: Bautista vs. Oliveira,2026-02-07
Farid Basharat,Jean Matsumoto,-302,235,UFC Fight Night: Bautista vs. Oliveira,2026-02-07
Dustin Jacoby,Julius Walker,-164,133,UFC Fight Night: Bautista vs. Oliveira,2026-02-07
Alex Morono,Daniil Donchenko,510,-808,UFC Fight Night: Bautista vs. Oliveira,2026-02-07
Niko Price,Nikolay Veretennikov,218,-272,UFC Fight Night: Bautista vs. Oliveira,2026-02-07
Bruna Brasil,Ketlen Souza,123,-154,UFC Fight Night: Bautista vs. Oliveira,2026-02-07
Geoff Neal,Uros Medic,-218,170,UFC Fight Night: Strickland vs. Hernandez,2026-02-21
Anthony Hernandez,Sean Strickland,-275,210,UFC Fight Night: Strickland vs. Hernandez,2026-02-21
Dan Ige,Melquizael Costa,192,-240,UFC Fight Night: Strickland vs. Hernandez,2026-02-21
Ante Delija,Serghei Spivac,-125,102,UFC Fight Night: Strickland vs. Hernandez,2026-02-21
Jacobe Smith,Josiah Harrell,-318,245,UFC Fight Night: Strickland vs. Hernandez,2026-02-21
Michel Pereira,Zach Reese,-169,142,UFC Fight Night: Strickland vs. Hernandez,2026-02-21
Carlos Leal Miranda,Chidi Njokuani,-137,110,UFC Fight Night: Strickland vs. Hernandez,2026-02-21
Alibi Idiris,Ode Osbourne,-136,109,UFC Fight Night: Strickland vs. Hernandez,2026-02-21
Alden Coria,Luis Gurule,-410,315,UFC Fight Night: Strickland vs. Hernandez,2026-02-21
Brandon Moreno,Loneer Kavanagh,-202,168,UFC Fight Night: Moreno vs. Kavanagh,2026-02-28
David Martinez,Marlon Vera,-332,250,UFC Fight Night: Moreno vs. Kavanagh,2026-02-28
Daniel Zellhuber,King Green,-400,300,UFC Fight Night: Moreno vs. Kavanagh,2026-02-28
Bobby Green,Daniel Zellhuber,176,-194,UFC Fight Night: Moreno vs. Kavanagh,2026-02-28
Edgar Chairez,Felipe Bunes,-318,245,UFC Fight Night: Moreno vs. Kavanagh,2026-02-28
Imanol Rodriguez,Kevin Borjas,-455,340,UFC Fight Night: Moreno vs. Kavanagh,2026-02-28
Angel Pacheco,Santiago Luna,525,-770,UFC Fight Night: Moreno vs. Kavanagh,2026-02-28
Jose Medina,Ryan Gandra,500,-715,UFC Fight Night: Moreno vs. Kavanagh,2026-02-28
Ailin Perez,Macy Chiasson,-186,150,UFC Fight Night: Moreno vs. Kavanagh,2026-02-28
Cristian Quinonez,Kris Moutinho,-624,440,UFC Fight Night: Moreno vs. Kavanagh,2026-02-28
Jesus Aguilar,Sumudaerji Sumudaerji,144,-176,UFC 326: Holloway vs. Oliveira 2,2026-03-07
Diyar Nurgozhay,Rafael Tobias,146,-175,UFC 326: Holloway vs. Oliveira 2,2026-03-07
Luke Fernandez,Rodolfo Bellato,-228,187,UFC 326: Holloway vs. Oliveira 2,2026-03-07
Josh Emmett,Kevin Vallejos,400,-555,UFC Fight Night: Emmett vs. Vallejos,2026-03-14
Amanda Lemos,Gillian Robertson,195,-250,UFC Fight Night: Emmett vs. Vallejos,2026-03-14
Andre Fili,Jose Delgado,368,-490,UFC Fight Night: Emmett vs. Vallejos,2026-03-14
Harry Hardwick,Marwan Rahiki,230,-305,UFC Fight Night: Emmett vs. Vallejos,2026-03-14
Ion Cutelaba,Oumar Sy,240,-315,UFC Fight Night: Emmett vs. Vallejos,2026-03-14
Bruno Silva,Charles Johnson,148,-182,UFC Fight Night: Emmett vs. Vallejos,2026-03-14
Chris Curtis,Myktybek Orolbai,350,-480,UFC Fight Night: Emmett vs. Vallejos,2026-03-14
Steven Asplund,Vitor Petrino,178,-218,UFC Fight Night: Emmett vs. Vallejos,2026-03-14
Elijah Smith,Suyoung You,-275,210,UFC Fight Night: Emmett vs. Vallejos,2026-03-14
Bolaji Oki,Manoel Sousa,215,-276,UFC Fight Night: Emmett vs. Vallejos,2026-03-14
Brad Tavares,Eryk Anders,112,-134,UFC Fight Night: Emmett vs. Vallejos,2026-03-14
Bia Mesquita,Montserrat Rendon,-708,500,UFC Fight Night: Emmett vs. Vallejos,2026-03-14
Hecher Sosa,Luan Lacerda,-203,164,UFC Fight Night: Emmett vs. Vallejos,2026-03-14
Piera Rodriguez,Sam Hughes,-150,120,UFC Fight Night: Emmett vs. Vallejos,2026-03-14
